product,Expected Price
"Wonder Diaper Pants - Xtra Large, 12-17 Kg",1579.8623961260723
Ultra Soft New Born Diapers - Extra Small,872.0319453024562
Gentle Baby Wipes,872.0319453024562
New Dry Diapers - Medium,485.1441815296412
Active Baby Medium (6-11 kg) - 62 Diapers,1343.6278193557243
Premium Care XXXL - 23 Diaper Pants,1060.735167114258
Baby Wipes - Gentle,54.89185349543358
"Reusable Fabric Diaper - Medium, Pink",335.58883159708256
Wonder Dry Pants - Double Extra Large Size Diapers,569.6027833851151
Premium Care XXL - 30 Diaper Pants,1014.576108493098
Premium Care Medium - 54 Diaper Pants,1014.576108493098
Breathable Premium Baby Diaper Pants With Wetness Indicator - Small,398.2154462668727
Ultra Soft Premium Pants New Born - 22 Diapers,359.57906665883684
Breathable Premium Baby Diaper Pants With Wetness Indicator - Medium,398.2154462668727
Premium Care XXL - 60 Diaper Pants,1975.2084955056837
Premium Care Medium Monthly Box Pack - 108 Diaper Pants,1921.2148723401754
"Reusable Fabic Diaper - Large, Pink",335.58883159708256
New Dry Small - 36 Diapers,536.5054908116184
New Dry Large Box Packs,2065.031528498211
Baby Happy Xtra Large - 46 Diapers,1039.2025900385495
Total Care Baby Pants Diapers - S,1247.5421248962177
"Nature Care Diaper Pants - Large, Monthly Pack",2723.4967374396842
"Total Care Baby Pants - Small, 9S",155.94276561202722
New Dry Diapers - Small Size,879.5171980518335
Total Care Large - 54 Diaper Pants,1026.7271687895873
Nature Care Diaper Pants - Small Size,452.97007012856767
"Pants - Extra Absorb Diaper, Medium Size",1216.3535717738123
Kare in Adult Diapers Medium,408.25816037228725
"Wonder Diaper Pants - Small, 4-8 Kg",1579.8623961260723
Premium Soft Diaper Pants - Large Size,896.8829844303888
New Xtra Small - 86 Diaper Pants,1014.576108493098
Dry Pants Diapers - Medium,227.1649455223523
Premium Care Small - 140 Diaper Pants,2743.345132646783
Baby Happy Wet Wipes - Silk & Cotton,235.78546160538517
Gentle Baby Wipes - (SSC) IND Offer,436.6397437136762
Easy Adult Diaper - Medium,536.4431137053737
Reusable Diaper Insert Pads,198.35919785849862
Baby Happy Diapers - Before Newborn,1147.7387549045204
New Small - 86 Diaper Pants,889.4975350510033
Pampers Pants Diapers - Medium Size 80pcs + Sebamed Baby Wash - Extra Soft 400ml,2218.129898065475
Baby Happy Tissues,179.64606598505534
Baby Happy Pants - Extra Large,809.6548390576453
New Xtra Large - 5 Diaper Pants,128.3720846518208
Wonder Pants Small - 126 Diapers,1711.1163030864031
Ultra Soft Premium Pants Small - 50 Diaper Pants,878.9558040956301
Wonder Pants Medium Size Diapers Monthly Pack,1748.8918786282607
Diaper Pants - New Baby,688.9052367889404
Baby Diapers & Sanitary Disposal Bag,118.56640355013654
Wonder Pants Small Size Diapers Monthly Pack,2382.9177373430166
"Pants - Extra Absorb Diaper, Small Size",123.50667036472555
Total Care Baby Pants Diapers - L,1328.6323630144718
Smart Baby Diaper Pants - Medium,1308.6716890161324
Premium Care Medium Diapers - Super Value Pack,2963.2618584234883
Dry Pants Diapers - Medium,398.3776267431092
Premium Care Large - 30 Diaper Pants,639.6273228555399
Wonder Pants Xtra Large - 90 Diapers,1825.266407514407
Wonder Pants Xtra Small - 24 Diapers,239.71521929880825
Active Baby Large - 50 Diaper Pants,1343.6278193557243
"New Diapers Pants, Large",487.81392167691905
Splashers Xtra Large - 10 Disposable Swim Diaper Pants,1246.2945827713215
"Reusable Fabric Diaper - Medium, Blue",335.58883159708256
Wonder Pants Large - 99 Diapers,1825.266407514407
Wonder Dry Pants - Double Extra Large Size Diapers,1139.218042191479
"Reusable Fabric Diaper - XL, Pink",397.96593784189344
"Wonder Diaper Pants - Large, 9-14 Kg",1931.6443245043076
Bella Baby Happy Tissues - Mini,109.78370699086716
Premium Care X-Large Diapers - Super Value Pack,2963.2618584234883
"Premium Soft Diaper Pants - Extra Large, Monthly Pack",2723.4967374396842
Diaper Pants Super Value Box - Medium,2603.9697264533775
Premium Soft Diaper Pants - Medium Size,2695.140104940793
"Adult Diapers - Super Breathable, Medium",935.6565936721634
Diaper Pants - X-Large,688.9052367889404
Standard Xtra Large - 26 Diaper Pants,497.76930783359086
Diaper Pants Super Value Box - Extra Large,2424.323660468322
Baby Happy Two-Layer Universal Tissues,520.2250660817228
"Total Care Baby Pants - Medium, 9S",162.1804762365083
Extra Absorb Monthly Box Large - 96 Diaper Pants,1216.3535717738123
Premium Care New Baby - 24 Diapers,343.07408434645987
Splashers Large - 11 Disposable Swim Diaper Pants,1246.2945827713215
Baby Dry Medium (6-11 kg) - 66 Diapers,1033.8506343227446
"New Diapers Pants, Large",243.2956651972604
Wonder Pants - Extra Small Size,1311.5909375883894
Nature Care Diaper Pants - Small Size,1361.1807370530141
Baby Happy Xtra Small - 24 Diapers,390.4806850925161
Active Baby Small (3-8 kg) - 46 Diapers,947.5082438586774
Dry Pants Diapers - Small,314.3806154738469
Premium Care Xtra Large - 14 Diaper Pants,487.81392167691905
"Pants - Extra Absorb Diaper For New Born, NB - 1 Size",373.0150953439691
"Pants Extra Absorb Diaper For New Born - Up to 5 Kg, NB-1",873.2794874273524
Baby Happy Wet Wipes - Milk & Honey,235.78546160538517
"Premium Soft Diaper Pants - Small, Monthly Pack",2723.4967374396842
Premium Soft Diaper Pants - Small Size,2517.440204670576
Wipeout Baby Safety Wipes,373.0150953439691
Premium Care New Baby Xtra Small - 50 Diapers,738.183150722341
Dry Pants Diapers - Large,227.1649455223523
"Reusable Fabric Diaper - Small, Blue",335.58883159708256
Pants Extra Absorb Diaper - Large Size,1670.4589052360357
Premium Soft Diaper Pants - Medium Size,896.8829844303888
Premium Baby Medium - 40 Diaper Pants,622.5235203232127
Baby Dry Large (9-14 kg) - 60 Diapers,1033.8506343227446
Baby Happy Medium - 38 Diapers,761.0006961866928
"Wonder Diaper Pants - Small, 4-8 Kg",2000.808059908554
Small - 28 Diapers,436.6397437136762
Premium Care Xtra Large - 24 Diaper Pants,738.183150722341
Wonder Pants Diapers - Small Size,508.53559637144525
Premium Baby Wet Wipes With Aloe Vera - Paraben Free,249.50842497924356
Skin Care Wipes,93.56565936721633
Total Care Small - 54 Diaper Pants,773.476117435655
Smart Baby Diaper Pants - XL,1308.6716890161324
Premium Care Large Diapers - Super Value Pack,2963.2618584234883
New Dry Diapers - Medium Size,1803.571649962462
Sanitary Disposal Bag,157.19030773692344
"Nature Care Diaper Pants - Small, Monthly Pack",2543.9255239821227
Baby Premium Diaper - Small,592.8320177506827
"Wonder Pants - Medium, Combo",1595.8184599034948
Premium Care Xtra Large Monthly Box Pack - 72 Diaper Pants,1975.2084955056837
Kare in Adult Diapers Pants Medium,497.76930783359086
Soft Baby Wipes - With Green Tea Essence,399.2134799667897
"Pants - Extra Absorb Diaper, Small Size",243.27071435476245
"Baby Dry Pants - Medium, 7-12 Kg, Lotion With Aloe Vera",243.2956651972604
New Medium - 2 Diaper Pants,29.941010997509224
Medium- 152 Diaper Pants,1975.2084955056837
Wipes - Gentle Baby,228.30020885600786
New Dry Large - 2 Diapers Pants,34.9311794970941
Smart Baby Diaper Pants - Small,1308.6716890161324
Diaper Pants - Large,1133.4668729957075
Premium Care New Baby Small - 21 Diapers,365.5547934370897
Premium Care Xtra Large - 36 Diaper Pants,974.3303995439461
Pants Standard Small - 46 Diaper,409.1938169659594
Premium Baby Small - 44 Diaper Pants,622.5235203232127
Breathable Premium Baby Diaper Pants With Wetness Indicator - Extra Large,398.2154462668727
Premium Soft Diaper Pants - Small Size,896.8829844303888
"Nature Care Diaper Pants - Medium, Monthly Pack",2723.4967374396842
Dry Pants Diapers - Large,123.50667036472555
Breathable Premium Baby Diaper Pants With Wetness Indicator - Large,398.2154462668727
Organic Bamboo Based Wipes,247.0133407294511
Disposal Bags For Discreet Disposal Of Tampons & Condoms,169.15423671467818
Baby Happy Pants - Large,809.6548390576453
"Wonder Pants - Large, Combo",1482.4543070141756
XXXL (18-35 kg) - 7 Diaper Pants,373.0150953439691
Diaper Pants - Premium Care Large,487.81392167691905
Baby Reusable Diaper - Pink,622.5235203232127
"Pampers New Diapers Pants, Medium, 28 Count",487.81392167691905
Wonder Diaper Pants - Medium Size,569.6027833851151
"Pants - Extra Absorb Diaper, Extra Large Size",1403.484890508245
Baby Skincare Wipes - Fresh,123.50667036472555
Pants Extra Absorb Diaper - Extra Large Size,2193.478465677526
"Pants - Extra Absorb Diaper, Medium Size",123.50667036472555
"Total Care Baby Pants - Large, 9S",174.6558974854705
Premium Soft Diaper Pants - Extra Small,249.75793340422277
Premium Care Large - 44 Diaper Pants,960.6074361700877
Baby Dry Medium - 20 Diapers,415.68103601541975
Baby Dry Medium (6-11 kg) - 5 Diapers,84.8328644929428
"Baby Diaper - Pants, Medium, 7-12 kg, Soft Cotton, Soaks up to 12 Hours",1322.6940624999659
New Extra Large,888.249992926107
Pants Extra Absorb Diaper - Small Size,1670.4589052360357
New Born - 2 Diaper Pants,22.455758248131918
Reusable Diaper Insert Pads,422.9167803398178
Gentle Nappy Rash Cream,354.36434057677064
"Total Care Baby Pants - Small, 28S",467.8282968360817
"Reusable Fabric Diaper - Small, Pink",335.58883159708256
Baby Happy Diapers - Maxi,3291.0161254762224
"Wet Wipes - Caring Baby, Aloe Vera",555.780016641265
Total Care Baby Pants Diapers - XL,1684.1818686098939
Premium Soft Diaper Pants - Extra Small,1361.1807370530141
"Wonder Diaper Pants - Xtra Large, 12-17 Kg",1931.6443245043076
Premium Breathable Diaper -  Medium,299.41010997509227
"Pants - Extra Absorb Diaper, Extra Large Size",873.2794874273524
Wonder Pants Large Size Diapers Monthly Pack,2382.9177373430166
"Pants - Extra Absorb Diaper, Extra Extra Large Size",511.4922712074493
Dry Pants Diapers - Large,398.3776267431092
Soft Baby Wipes - With Green Tea Essence,61.12956411991467
Diaper Pants Super Value Box - Large,2603.9697264533775
Baby Wipes - Combo Pack,321.8658682232242
Premium Baby Wet Wipes With Aloe Vera - Paraben Free,130.99192311410286
"Reusable Fabric Diaper - XL, Blue",397.96593784189344
Wonder Diaper Pants - Large Size,399.52536549801374
Aloe Vera Baby Wipes,243.2956651972604
Wonder Pants Extra Large Size Diapers Monthly Pack,1865.0754767198455
Xtra Large New Monthly Box - 112 Diaper Pants,2008.5428210829105
Baby Happy Two-Layer Universal Tissues,520.2250660817228
"Reusable Fabric Diaper - Large, Blue",335.58883159708256
Active Baby Xtra Large - 32 Diapers,990.5484471675969
Wonder Diaper Pants - Large Size,569.6027833851151
Active Baby New - 24 Diaper Pants,440.13286166338565
Easy Adult Diaper - Large,563.2652693906423
Nature Care Diaper Pants - Large Size,452.97007012856767
Premium Care Large Monthly Box Pack - 88 Diaper Pants,1885.385462513156
Premium Baby Wet Wipes With Aloe Vera - Paraben Free,364.9060715321437
Premium Care New Baby Small - 70 Pant Diapers,1014.576108493098
New Dry Diapers - Large Size,1803.571649962462
"Adult Diapers - Super Breathable, Large",748.5252749377306
"Baby Diaper - Pants, Small, 4-8 kg, Soft Cotton, Soaks up to 12 Hours",1322.6940624999659
Wonder Pants Xtra Small - 12 Diapers,123.50667036472555
Total Care Baby Pants Diapers - M,1162.709260403275
Baby Happy Diapers - Mini,3291.0161254762224
"Wonder Pants - Extra Large, Combo",1595.8184599034948
Baby Skin Care Wipes - Cherry Blossom,123.50667036472555
Diaper Pants - New Baby,243.2956651972604
Standard Air Adult Diapers - Medium A'10,686.1481686929197
Nature Care Diaper Pants - Medium Size,452.97007012856767
Baby Reusable Diaper - Blue,622.5235203232127
Total Care Medium - 54 Diaper Pants,879.5171980518335
Baby Dry Small - 11 Diapers,169.6657289858856
Dry Pants Diapers - X-Large,398.3776267431092
Baby Diapers & Sanitary Disposal Bag,219.8418732492115
Nature Care Diaper Pants - Large Size,1361.1807370530141
Splashers Medium - 12 Disposable Swim Diaper Pants,1246.2945827713215
"Wonder Pants - Small, Combo",1595.8184599034948
Dry Pants Diapers - X-Large,227.1649455223523
Baby Wet Wipes,93.56565936721633
Baby Skincare Wipes - Super Saver Pack,514.9853891571587
Baby Happy Small - 44 Diapers,636.2464836970711
Baby Small - 40 Diaper Pants,996.786157792078
Reusable Diaper Insert Pads - XL,260.7363041033095
Baby Dry Large (9-14 kg) - 5 Diapers,110.03321541584641
"Premium Soft Diaper Pants -  Medium, Monthly Pack",2723.4967374396842
Natural Diaper Rash Cream,248.26088285434733
Standard Large - 34 Diaper Pants,409.1938169659594
"Baby Diaper - Pants, Large, 9-14 kg, Soft Cotton, Soaks up to 12 Hours",1705.4399864181255
Diaper Pants Super Value Box - Small,3491.8704075845135
"Premium Soft Diaper Pants - Large, Monthly Pack",2244.6401682195196
Baby Skincare Wipes - Sea Breeze,123.50667036472555
Rich Moisture Baby Wipes,143.15545883184097
Nature Care Diaper Pants - Medium Size,1361.1807370530141
Total Care Extra Large,1172.6895974024446
Soothing Baby Wipes,98.5558278668012
"Total Care Baby Pants - X-Large, 9S",187.13131873443265
Dry Pants Diapers - Small,179.64606598505534
Premium Soft Diaper Pants - Large Size,2221.2737042202134
Diapers For Newborn - 2-5 Kg,872.0319453024562
New Dry Diapers - Large,536.5054908116184
Premium Soft Diaper Pants - Extra Large Size,1361.1807370530141
Baby Fun - Baby Wipes,193.36902935891376
Extra Absorb Large - 64 Diapers,873.2794874273524
Premium Paraben Free Baby Wet Wipes With Aloe Vera,474.06600746056273
Baby Diapers - Medium,842.0909343049469
Premium Soft Diaper Pants - Extra Large,452.97007012856767
"Pampers New X-Large Size Diapers Pants, 21 Count",487.81392167691905
Baby Happy Large - 48 Diapers,921.9336302983049
Diaper Rash Cream,149.70505498754613
Pants Extra Absorb Diaper - Medium Size,1670.4589052360357
Diaper Pants - XX-Large,243.2956651972604
Wonder Pants - Medium,628.7612309476938
"Pants Extra Absorb Diaper For New Born - Up to 5 Kg, NB-1",671.1776631941651
Smart Baby Diaper Pants - Large,1308.6716890161324
Baby Diapers - Small,810.9023811825415
