product,sale_price,Expected Price
Water Bottle - Orange,180.0,188.14104370041383
Pet Solitaire Container Set - Silver,499.0,521.5687822583694
"Penta Plastic Pet Water Bottle - Green, Wide Mouth",75.0,78.3921015418391
"2 Fold Umbrella - Auto-Open & Manual Close, Dark Violet",289.0,302.07089794122
Marvel Spiderman 2-In-1 Snackeez Bottle With Snack Box,269.0,281.1663375300629
Premium Square Plastic Container - Green,179.0,187.09581567985597
Glass Water Bottle - Aquaria Organic Purple,369.0,385.68913958584835
"Octa Plastic Pet Water Bottle - Light Blue, Narrow Mouth",25.0,26.130700513946366
Lunch Box/Tiffin Set - Green BB 570 2,509.0,532.0210624639479
Bite & Sip Flask And Lunch Box/Tiffin Box - Green Colour,319.0,333.4277385579556
"Glass Matt Finish Bottle With Plastic Cap - Blue, BB1324",169.0,176.64353547427743
Cube Storage Glass Jar,249.0,260.2617771189058
"Microwaveable Plastic Multiutility Bowl - Yellow, New Coral, L2272 YL",29.0,30.31161259617778
Suzzan Glass Bottle With Blue Cap,290.0,303.1161259617778
"Stainless Steel Water Bottle - Blue, BB506 3",249.0,260.2617771189058
Solitaire Storage Transparent Pet Container Set - Green Lid,409.0,427.49826040816254
Borosilicate Glass Rectangular Food Container With Green Lid,209.0,218.4526562965916
Ivory Glass Bottle - Orange & Yellow Floral,190.0,198.59332390599238
Max Fresh New Super Plastic Lunch Box/Tiffin Box - Blue,469.0,490.2119416416338
Premium Flat Square Plastic Container Set - Blue,69.0,72.12073341849197
Borosilicate Glass Round Food Container With Dark Blue Lid,239.0,249.80949691332725
"Glass Bottle With Removable Fabric Cover - Grey, BB1317",209.0,218.4526562965916
Medium Wire Hooks,219.0,228.90493650217016
"Super Tight Plastic Container - Printed, Assorted Colour",209.0,218.4526562965916
Marvel Avengers Small 304 Stainless Steel Lunch Box/Tiffin Box - HMHTLB 73357-AV,349.0,364.78457917469126
"Accurate Seal Plastic Tea, Coffee, Sugar Storage Container/Canister - Blue",129.0,134.83441465196324
Plain Container Jumbo Combo Set - Blue,469.0,490.2119416416338
Disney Frozen 304 Stainless Steel Lunch Box/Tiffin Box - HMWWLB 85274-FZ,599.0,626.0915843141549
Stainless Steel Water Bottle - Red BB 508,440.0,459.90032904545603
Borosilicate Glass Round Container With Lid - Green,249.0,260.2617771189058
Pinnacle Pride Lunch/Tiffin Kit - Yellow,600.0,627.1368123347128
"Storewell Airtight Plastic Container - Transparent, With Purple Lid",339.0,354.3322989691127
"Glass Water Bottle With Round Base - Yellow, B1367",209.0,218.4526562965916
"Executive Lunch Box - Small, T Blue",390.0,407.6389280175633
Pet Selo Container Set - Silver,279.0,291.6186177356414
"Stainless Steel Spices Bottle/Holder - Silver, BB 543",389.0,406.59369999700544
Plastic Hook/Hanger Card Self Adhesive/Stickable - BH 048,49.0,51.21617300733487
"Glass Water Bottle With Round Base - Transparent, B1364",199.0,208.00037609101307
"Plastic Container - Printed, Crystal, 14803-P",579.0,605.1870239029978
"Chota Bheem Frankie Style Long Plastic Lunch Box - With Container, Fork & Spoon, Assorted Colour",179.0,187.09581567985597
"2 Fold Umbrella - Auto-Open & Manual Close, Medium Violet",289.0,302.07089794122
"Frost Stainless Steel Bottle With Sipper Cap - Black, PXP 1004 CQ",229.0,239.3572167077487
Plastic Cloth Hangers - Blue,119.0,124.3821344463847
Easy Lock Round Plastic Container,199.0,208.00037609101307
"Max Fresh Thermoware Hot Wave Lunch Box/Tiffin Box - Inner Steel, Blue",639.0,667.9007051364691
Plastic Pro Lock 4 Side Lock Container - Brown,119.0,124.3821344463847
"Store Fresh Microwaveable Plastic Container Set - Transparent, Green, L5682C9-10",325.0,339.69910668130274
Disney Belle Princess Kids Plastic Lunch Box With Detachable Steel Tray,339.0,354.3322989691127
"Container - Polka Print, Assorted Colour",110.0,114.97508226136401
"Frost Stainless Steel Bottle With Steel Cap - Turquoise, PXP 1004 CV",229.0,239.3572167077487
Classic Printed Plastic Container Storage Set - Assorted Colour,329.0,343.88001876353417
"Glass Storage Jar - Amaze, Blue, Medium",325.0,339.69910668130274
Pet Belly Container Set - Silver,209.0,218.4526562965916
Borosilicate Glass Lunch Box/Tiffin Box,819.0,856.0417488368829
H2O Unbreakable Water Bottle - Pink,139.0,145.2866948575418
Plastic Micro-vent Mix Container - Green,159.0,166.19125526869888
"Airtight Plastic Turn & Lock Jar With Spoon - Printed, Assorted Colour",99.0,103.4775740352276
Water Bottle - Chromo Steel,500.0,522.6140102789273
Magic Seal Square Storage Plastic Container - Royal Blue,129.0,134.83441465196324
Trendy Stainless-Steel Bottle With Sipper Cap Dark Red Colour Pxp 1002 Dq,249.0,260.2617771189058
Premium Kulfi Maker With Candy Cone - Pink,79.0,82.57301362407051
"Fruit Loop Basket Set - Utility, Assorted Colour",189.0,197.54809588543452
Storage Plastic Container With Pink Lid,149.0,155.73897506312034
Multipurpose Fruit Shaped Glass Jar Set - SJP 1768,199.0,208.00037609101307
"Steel Lunch Box/Tiffin Box - Duo Star, Pink Opaque",690.0,721.2073341849197
Water Bottle H2O Purple,149.0,155.73897506312034
"Stylo Storage Plastic Container - Printed, Blue",139.0,145.2866948575418
"Deluxe Plastic Dry Fruits Container - Fusion, Green",309.0,322.9754583523771
Regel Tritan Plastic Sports Water Bottle - Red,319.0,333.4277385579556
"Plastic Lunch Box/Tiffin Box - Disney Princess, BPA Free, HMHILB 199-PR",179.0,187.09581567985597
"Lplastic Lunch Box/Tiffin Box Leakproof Insulated - Happy Meal, Green",409.0,427.49826040816254
Multipurpose Plastic Tray - Square,144.0,150.51283496033105
Maxx Pet Plastic Premium Container - Pink,119.0,124.3821344463847
Store In Food Keeper,144.0,150.51283496033105
Max Fresh New Super Plastic Lunch Box/Tiffin Box - Red,469.0,490.2119416416338
Fusion Deluxe Dry Fruit Storage Plastic Container - Red,309.0,322.9754583523771
"Sipper Glass Bottle With Cover - Black Cap, BB1249Blk",349.0,364.78457917469126
Stainless Steel Lunch Box/Tiffin Set - Red BB 573 3,409.0,427.49826040816254
Max Fresh New Sling Plastic Lunch Box/Tiffin Box With Bag - Pink,509.0,532.0210624639479
Franco Plastic Serving Tray - Assorted Colour,249.0,260.2617771189058
"Chota Bheem Large Plastic Lunch Box - With Container, Fork & Spoon, Assorted Colour",229.0,239.3572167077487
Plastic Storage Container With Pack & Seal - Assorted Colour,119.0,124.3821344463847
"Frost Stainless Steel Bottle With Steel Cap - Metallic Green Finish, PXP 1009 BK",219.0,228.90493650217016
"Plastic Cloth Hangers - Blue, Elegance",159.0,166.19125526869888
Round Storage Glass Jar With Red Lid,210.0,219.49788431714947
Maxx Pet Plastic Premium Container - Yellow,139.0,145.2866948575418
"Pride Multi Utility Storage Drawer - 3 Steps, Assorted Colour",732.0,765.1069110483495
H2O Unbreakable Water Bottle - Green,774.0,809.0064879117795
"Tiffin - Mini Hot Meal, Red",155.0,162.01034318646745
"Frost Stainless Steel Bottle With Sipper Cap - Steel Mirror Finish, PXP 1004 DQ",249.0,260.2617771189058
Easy Lock Square Plastic Container,179.0,187.09581567985597
Disney Tsum Tsum Kids Sipper Bottle,299.0,312.5231781467985
Regel Tritan Plastic Sports Water Bottle - Black,319.0,333.4277385579556
Maxx Pet Plastic Premium Container - Pink,189.0,197.54809588543452
"Plastic Oil/Vinegar Bottle/Cruet - Blue, Bb-608",289.0,302.07089794122
"Glass Bottle With Removable Fabric Cover - Purple, BB1317",209.0,218.4526562965916
"Stainless Steel Lunch Box/Tiffin Box - Hydra Insulated, Steel Grey",2069.0,2162.576774534201
Easy Lock Round Container,139.0,145.2866948575418
Prince Pilot Plastic Container Set - Pink,349.0,364.78457917469126
"Lunch Box-Tiffin Set - Stainless Steel,Blue - BlueÂ BB 578 1",695.0,726.4334742877089
"Plastic Lunch Box - Pink, BB580 PNK",409.0,427.49826040816254
"Kulfi Maker - With 8 Candy Cone, Multicolor",130.0,135.8796426725211
"Plastic Lunch Box/Tiffin Box - Marvel Spider Man, BPA Free, HMHILB 199-SPM",179.0,187.09581567985597
"Water Bottle - Stainless Steel, Green BB 511 2",259.0,270.7140573244843
Apsara 1 Water Bottle - Assorted Colour,159.0,166.19125526869888
"Plastic Container Set - Round, Pink",159.0,166.19125526869888
"Trendy Stainless Steel Bottle With Sipper Cap - Steel Matt Finish, PXP 1002 DQ",249.0,260.2617771189058
Plastic Flexi Lock No.3 Container - Brown,79.0,82.57301362407051
"Multipurpose Jar With Lid - Acrylic, Bb-1185",459.0,479.75966143605524
Plastic Pro Lock 4 Side Lock Container - Gray,169.0,176.64353547427743
Yummy Tummy Lunch Pack,69.0,72.12073341849197
"Borosilicate Glass Lunch Box/Tiffin Box Square - Microwavable, Premium, Airvent Green Lid With Bag",869.0,908.3031498647756
"Glass Water Bottle With Round Base - Red, B1364",209.0,218.4526562965916
Borosilicate Glass Jar/ Glass Container - Qube Fresh,249.0,260.2617771189058
"Glass Water Bottle With Round Base - Yellow, B1363",209.0,218.4526562965916
"Glass Bottle With Plastic Cover - White, BB1307",219.0,228.90493650217016
"Lunch Bag - With 3 Container, Big Bite, Blue",329.0,343.88001876353417
"Disney Mickey Mouse 2 in 1 Snackeez Bottle with Snack Box, 470 ml",269.0,281.1663375300629
Multipurpose Lock N Pack Plastic Container,399.0,417.04598020258396
"Plastic Smart Round Container - Big , Assorted Colour",49.0,51.21617300733487
"Diamond Lock Plastic Container - Printed, Rectangle, Assorted Colour",189.0,197.54809588543452
"Borosilicate Food Container With Lid - Rectangular, Extra Large",479.0,500.66422184721233
Plastic Polka Masala Container Transparent - Assorted Colour,79.0,82.57301362407051
"Trendy Stainless Steel Bottle With Steel Cap - Steel Matt Finish, PXP 1002 CV",229.0,239.3572167077487
"Penta Plastic Pet Water Bottle - Violet, Wide Mouth",149.0,155.73897506312034
Marvel Spider Man 304 Stainless Steel Lunch Box/Tiffin Box - HMWWLB 00814-SPM,559.0,584.2824634918408
Glass Water Bottle With Maroon Cap - BB1245MRN,279.0,291.6186177356414
Disney Frozen Kids Plastic Lunch Box With Detachable Steel Tray,339.0,354.3322989691127
Disney Belle Princess Sipper Plastic Kids Water Bottle With Neck Strap,179.0,187.09581567985597
Loopy Pet water Bottle - Violet,249.0,260.2617771189058
Ivory Premium Glass Bottle - With Yellow Floral,205.0,214.27174421436018
"Airtight Plastic Container Set - Printed, Super Stylo, Pink",299.0,312.5231781467985
Marino Air-Tight Glass Storage Jar With Green Lid,279.0,291.6186177356414
Double Walled Glass Bottle With Cream Cap - BB1241CRM,279.0,291.6186177356414
Health First Round Glass Tiffin Set - With Olive Green Bag,975.0,1019.0973200439082
"Insulated Stainless Steel Easy Sip Bottle - Wanna Be A Racer, Double Wall",749.0,782.875787397833
Plastic Cubics Container - Purple,159.0,166.19125526869888
"Frost Stainless Steel Bottle With Steel Cap - Metallic Pink Finish, PXP 1009 BK",219.0,228.90493650217016
"Gloria Multi Utility Basket - Small, Medium, Large, Beige",679.0,709.7098259587833
"Doraemon Super Big Plastic Lunch Box - Assorted Character, Assorted Colour",129.0,134.83441465196324
Max Fresh New Click Plastic Lunch Box - Green,479.0,500.66422184721233
"Water Bottle - Insulated, Assorted Colour, Stainless Steel",809.0,845.5894686313044
"Orbit Stainless Steel Lunch Box Insulated - 3 Deck, Blue",409.0,427.49826040816254
Stainless Steel Water Bottle - Silver BB 497,430.0,449.44804883987746
Pet Selo Container Set - Silver,229.0,239.3572167077487
"Glass Bottle With Plastic Outer - Sky Blue, BB1310",219.0,228.90493650217016
"Water Bottle - Maxis, Orange",275.0,287.43770565341003
Maxx Pet Plastic Premium Container - Yellow,189.0,197.54809588543452
"Pet Plastic Water Bottle - Blue, Aster, L3022X6 BL",316.0,330.29205449628205
"Puro Stainless Steel Bottle With Steel Cap - Dark Red Colour, PXP 1008 CV",229.0,239.3572167077487
Multipurpose Bottom Guard Sticker/ Chair Protectors - BH108,89.0,93.02529382964906
Solar Pet water Bottle - Green,249.0,260.2617771189058
Cloth Clips,150.0,156.7842030836782
All Time Plastic Polka Masala Container Transparent - Red,159.0,166.19125526869888
"Storewell Airtight Plastic Container - Transparent, With Purple Lid",219.0,228.90493650217016
"Glass Bottle With Removable Fabric Cover - Beige, BB1308",259.0,270.7140573244843
"Aqua Stainless Steel Bottle With Steel Cap - Metallic Green Finish, PXP 1003 CK",229.0,239.3572167077487
"Penta Plastic Pet Water Bottle - Violet, Wide Mouth",25.0,26.130700513946366
Combi Meal Plastic Lunch/Tiffin Box With Containers & Cover - Red,329.0,343.88001876353417
Plastic Polka Masala Container Transparent - Blue,149.0,155.73897506312034
Spill Guard No.4 Kids Lunch Box - Pink,119.0,124.3821344463847
Airtight Lock-N-Pack Plastic Container - Transparent,119.0,124.3821344463847
Icon Jug - Pink,345.0,360.60366709245983
Kitchen Queen Papad Box - Pink,149.0,155.73897506312034
Borosilicate Glass Square Food Container With Dark Blue Lid,229.0,239.3572167077487
"Tiffin Set - With 2 Containers, Thermosteel, Insulated, Yellow, Vector Deluxe",379.0,396.14141979142687
Premium Kulfi Maker With Candy Cone - Pink,79.0,82.57301362407051
Disney Belle Princess Double Wall Insulated Kids Sipper Bottle,269.0,281.1663375300629
Glass Water Bottle With White Cap - BB1245WHT,279.0,291.6186177356414
Store In Food Keeper/ Plastic Container,69.0,72.12073341849197
Double Walled Glass Bottle With Pink Cap - BB1241,279.0,291.6186177356414
"Plastic Bottle - Narrow Neck, Brown, Apollo, 20381BR",99.0,103.4775740352276
All Time Plastic Polka Masala Container - Transparent,349.0,364.78457917469126
Jars - Cube,179.0,187.09581567985597
"Glass Bottle With Plastic Outer - Sky Blue, BB1314",179.0,187.09581567985597
"Utility Glass Jar - Spice, Pickle",149.0,155.73897506312034
Sunshine Insulated Water Bottle - Yellow,179.0,187.09581567985597
Pet Jar - Crystal Square,93.0,97.20620591188047
Universal Hooks - Square In Color White,199.0,208.00037609101307
Marvel Avengers Kids Plastic Lunch Box With Detachable Steel Tray,399.0,417.04598020258396
"Plastic Snacker Round Container - Big, Brown",69.0,72.12073341849197
Premium Iron Organizer With Iron Table Holder - White,349.0,364.78457917469126
"Aqua Stainless Steel Bottle With Steel Cap - Purple, PXP 1003 DV",249.0,260.2617771189058
Non-Adhesive Plastic Multi-Purpose Hook Set for Walls,189.0,197.54809588543452
"Water Bottle - Stainless Steel, Blue, BB 511 1",259.0,270.7140573244843
"Glass Bottle With Plastic Outer - Green, BB1314",179.0,187.09581567985597
"Water Bottle - Assorted Colour, Flip Top, Tesero Mars",229.0,239.3572167077487
Magic Seal Round Storage Plastic Container - Royal Red,99.0,103.4775740352276
Mini Plastic Lunch Box,139.0,145.2866948575418
Marvel Spiderman Sipper Plastic Kids Water Bottle With Neck Strap,249.0,260.2617771189058
"Diamond Lock Round Plastic Container - Square, Printed, Assorted Colour",149.0,155.73897506312034
"Cutlery Holder/Stand - Dark Brown, Fantasy, 24270-DB",59.0,61.66845321291342
Mini Plastic Lunch Box,139.0,145.2866948575418
"Lunch Box Set - junior Kit-Kat, Red",59.0,61.66845321291342
"Leo Plastic Pet Water Bottle - Violet, Wide Mouth",149.0,155.73897506312034
"Multipurpose Cutlery Holder - Square, Off Ivory, Florina",75.0,78.3921015418391
Maxx Pet Container - Pink,189.0,197.54809588543452
"Stainless Steel Lunch Box/Tiffin Set - Blue, BB 577 1",829.0,866.4940290424614
Ivory Glass Bottle - Multicolour Squares,190.0,198.59332390599238
Borosilicate Glass Rectangular Lunch Box/Tiffin Box - Sea Green,479.0,500.66422184721233
"Water Jug with Glass - Stainless Steel, Green, Lemon Set",1030.0,1076.5848611745903
"Glass Water Bottle With Silicon Covering - Cream, BB1306",229.0,239.3572167077487
"Glass Jug/Carafe/Bottle/Pitcher With Red Lid - Bistro, Concept 2",449.0,469.3073812304767
Rectangular Plastic Container Set - Green,299.0,312.5231781467985
Marvel Avengers 304 Stainless Steel Lunch Box/Tiffin Box - HMWWLB 73362-AV,599.0,626.0915843141549
"Plastic Lunch Box/Tiffin Box - Disney Mickey Mouse, BPA Free, HMHILB 199-MK",179.0,187.09581567985597
Joy Round Kids Glass,99.0,103.4775740352276
Clear Small Wire Hook,179.0,187.09581567985597
Glass Jug/Carafe/Bottle/Kosem,339.0,354.3322989691127
Disney Minnie Mouse Plastic Kids Sipper Bottle,289.0,302.07089794122
"Plastic Container - Printed, Crystal, 14731P",180.0,188.14104370041383
"Water Bottle - Stainless Steel, Pink BB 511 3",470.0,491.25716966219164
Ivory Premium Glass Bottle - With Red Cherries,205.0,214.27174421436018
Plastic Pro Lock 4 Side Lock Container - Brown,179.0,187.09581567985597
"Glass Water Bottle With Round Base - Red, B1366",209.0,218.4526562965916
Venus Plastc Container with Wheel 333 - Transparent,1309.0,1368.2034789102318
Pet Belly Container Set - Silver,219.0,228.90493650217016
Magic Seal Round Storage Plastic Container - Royal Red,89.0,93.02529382964906
"Container Set - Assorted Colour, Comfort",439.0,458.85510102489815
"Storewell Airtight Plastic Container - Transparent, With Blue Lid",209.0,218.4526562965916
Ice Cube Tray - Assorted Color,144.0,150.51283496033105
Premium Rectangular Plastic Container With Lid - Multicolour,59.0,61.66845321291342
Disney Cinderella 304 Stainless Steel Lunch Box/Tiffin Box - HMWWLB 72272-CIN,599.0,626.0915843141549
Stainless Steel Water Bottle - Silver BB 491,530.0,553.9708508956629
"Aqua Stainless Steel Bottle With Steel Cap - Black Colour, PXP 1003 DV",249.0,260.2617771189058
Disney Sofia The First Plastic Lunch Box/Tiffin Box - HMGSLB 60504-SF,219.0,228.90493650217016
"Fresherware Smart Lunch Kit - With Bag, Assorted",389.0,406.59369999700544
"Plastic Container Set - Printed, Kitchen King Festival, Purple",259.0,270.7140573244843
"Frost Stainless Steel Bottle With Sipper Cap - Steel Matt Finish, PXP 1004 DQ",249.0,260.2617771189058
Cutlery Rack/Stand - Blue,49.0,51.21617300733487
Storage Plastic Container - With Blue Lid,499.0,521.5687822583694
"Pet Plastic Water Bottle - Pink, Victoria",179.0,187.09581567985597
Disney Mickey Mouse Plastic Kids Sipper Bottle - Awesome,299.0,312.5231781467985
"Ice Cube/Freezer Tray - Blue, L5003X2",89.0,93.02529382964906
Marvel Avengers Insulated Hot Case Square Shaped Kids Plastic Lunch Box,359.0,375.2368593802698
Magic Seal Round Storage Plastic Container - Royal Red,99.0,103.4775740352276
Marvel Spiderman Sipper Plastic Kids Water Bottle With Neck Strap,199.0,208.00037609101307
Premium Ocean Steel Cloth Dryer - White,1609.0,1681.771885077588
Pet Belly Container Set - Silver,199.0,208.00037609101307
Plastic Lunch Box/Tiffin Box Seal King 3G,139.0,145.2866948575418
"Pet Plastic Water Bottle - Violet, Victoria",179.0,187.09581567985597
"Plastic Lunch Box - Pink, 1.35 L",519.0,542.4733426695266
Marino Air-Tight Glass Storage Jar With Red Lid,279.0,291.6186177356414
"2 Fold Umbrella - Auto-Open & Manual Close, Sky Blue",269.0,281.1663375300629
"Orbit Stainless Steel Lunch Box Insulated - 3 Deck, Orange",409.0,427.49826040816254
Plastic Container Storage Bowl,139.0,145.2866948575418
"Steelo Skippar Plastic Storage Container - Purple Lid, 750 ml, 500 ml, 250 ml",559.0,584.2824634918408
"Double Walled Glass Bottle - Black Cap, BB1238",239.0,249.80949691332725
Hungry Tummy Lunch Pack,129.0,134.83441465196324
Plastic Flexi Lock Container - Gray,449.0,469.3073812304767
"Keep Fresh Pet Container - Printed, Premium, Orange",189.0,197.54809588543452
"Doraemon Double Compartment Flexible Partition Plastic Lunch Box - With Fork & Spoon, Assorted Colour",149.0,155.73897506312034
Stylo Food Plastic Container Printed - Green,119.0,124.3821344463847
Spray Glass Water Bottle With Cork - Red,439.0,458.85510102489815
Glass Water Bottle - Aquaria Organic Pink,369.0,385.68913958584835
"Multipurpose Airtight Transparent Plastic Container Combo - Keep Fresh, Orange",469.0,490.2119416416338
"Glass Water Bottle With Round Base - Yellow, B1366",209.0,218.4526562965916
Marvel Avengers Kids Sipper Bottle,269.0,281.1663375300629
Sante Infuser Water Bottle - Orange,109.0,113.92985424080615
Stainless Steel Lunch Box/Tiffin Set - Green BB 574 1,549.0,573.8301832862621
"Insulated Stainless Steel Easy Sip Bottle - Want To Be A Doctor, Double Wall",749.0,782.875787397833
"Three Fold Premium Umbrella - Three Fold, Auto Open & Close, Windproof, Plain Black Coloured",969.0,1012.8259519205611
Keep Fresh Container - Pink,210.0,219.49788431714947
Pet Solitaire Container Set,189.0,197.54809588543452
"Microwaveable Plastic Container - Cook & Store, Blue Lid, Transparent",179.0,187.09581567985597
Stainless Steel Water Bottle - Silver BB 496,430.0,449.44804883987746
Borosilicate Glass Rectangular Food Container With Green Lid,269.0,281.1663375300629
"Glass Lunch Box - Microwave Safe Office Tiffin, ICY22SD3320",1039.0,1085.9919133596109
"Plastic Kitchen Rack/Kitchen Stand - 2 Tier, Big, Assorted Colour",749.0,782.875787397833
"Storewell Airtight Plastic Container - Transparent, With Purple Lid",439.0,458.85510102489815
Disney Lion Guard BPA free Lunch Box/Tiffin Box - HMLILB 24214-LK,119.0,124.3821344463847
Plastic Cubics Container - Blue,159.0,166.19125526869888
Pet Sobo Container Set - Silver,209.0,218.4526562965916
"3 Fold Umbrella - Auto-Open & Manual Close, Black",479.0,500.66422184721233
Pet Belly Container Set - Silver,209.0,218.4526562965916
Sipwell Bottle Set - Orange,275.0,287.43770565341003
"Multipurpose Plastic Kitchen Rack/Stand - 3 Steps, Orbit, Oval, Assorted Colour",298.0,311.47795012624067
"Plastic & Stainless Steel Lunch Box - Red, BB1380RED",639.0,667.9007051364691
Joy Round Mug,55.0,57.487541130682004
"Glass Bottle With Plastic Outer - Ice Green, BB1310",219.0,228.90493650217016
Disney Belle Princess Insulated Stainless Steel Lunch Box / Tiffin Box - HMPCLB 99545-BEL,599.0,626.0915843141549
"Cutlery Holder/Stand - Square, Brown, Jio",93.0,97.20620591188047
Magic Seal Round Storage Plastic Container - Blue,129.0,134.83441465196324
Magic Seal Oval Storage Plastic Container Transparent - Royal Blue,129.0,134.83441465196324
"Frost Stainless Steel Bottle With Sipper Cap - Steel Matt Finish, PXP 1004 CQ",229.0,239.3572167077487
Tuberg Bottle,99.0,103.4775740352276
"Frost Stainless Steel Bottle With Sipper Cap - White Matt Finish, PXP 1004 DQ",249.0,260.2617771189058
"Chota Bheem Large Plastic Lunch Box - With Removeable Inner Container, Fork & Spoon, Assorted Character, Assorted Colour",429.0,448.40282081931963
Adhesive Hooks - Large Oval Universal,159.0,166.19125526869888
"Umbrella - Three Fold, Auto Open & Close, Windproof, White Floral Printed Navy Blue",1299.0,1357.751198704653
Marvel Avengers Double Wall Insulated Kids Sipper Bottle,269.0,281.1663375300629
"Airtight Plastic Tea, Coffee & Sugar Container - Pink",169.0,176.64353547427743
Borosilicate Glass Square Food Container With Dark Blue Lid,189.0,197.54809588543452
"Chota Bheem Medium Size Plastic Lunch Box - With Inner Container, Fork & Spoon, Assorted Colour",199.0,208.00037609101307
"Frost Stainless Steel Bottle With Sipper Cap - Dark Red, PXP 1004 DQ",747.0,780.7853313567174
"Lunch Pack - Container, Assorted Colour, Food Hub",539.0,563.3779030806836
"Microwaveable Round Plastic Lunch Box/Tiffin Box - Fun Meal, Red, Medium",159.0,166.19125526869888
Stainless Steel Water Bottle - Blue BB 508,440.0,459.90032904545603
"Storage Jar Set - Pop, Medium",1291.0,1349.3893745401901
"Glass Water Bottle With Round Base - Red, BB1361",209.0,218.4526562965916
"Glass Water Bottle With Round Base - Red, BB1362",209.0,218.4526562965916
"2 Fold Umbrella - Auto-Open & Manual Close, Light Violet",299.0,312.5231781467985
Solar Pet Water Bottle - Orange,249.0,260.2617771189058
Premium Round Plastic Container With Lid - Pink,39.0,40.76389280175633
"Trendy Stainless Steel Bottle With Steel Cap - Steel Matt Finish, PXP 1002 DV",498.0,520.5235542378116
"Storewell Airtight Plastic Container - Transparent, With Blue Lid",439.0,458.85510102489815
Micro Hooks,99.0,103.4775740352276
"Glass Bottle With Removable Fabric Cover - Grey, BB1322",209.0,218.4526562965916
"Plastic Micro-vent Container - Medium, Assorted Colour",129.0,134.83441465196324
"Printed Glass Water Bottle With Silicon Cover At Bottom - Pink, BB1303",249.0,260.2617771189058
"Water Bottle - Plastic, Maple, Black",205.0,214.27174421436018
"Vittora Plastic Shoe Rack/Shoe Stand - 2 Steps, Assorted Colour",699.0,730.6143863699403
"Glass Water Bottle With Cover - Pink, BB1249",349.0,364.78457917469126
Belbott Insulated Bottle,144.0,150.51283496033105
"Plastic Container - Square, Pink",280.0,292.6638457561993
"Stainless Steel Lunch Box/Tiffin Set - Olive Green, BB 577 3",829.0,866.4940290424614
Click N Seal Square Microwaveable Plastic Container - L5941-VL,69.0,72.12073341849197
Twister Delight Flower Printed Plastic Container With Spoon - Pink,169.0,176.64353547427743
"Store Fresh Microwaveable Plastic Container Set - Transparent, Orange, L5682C9-10",325.0,339.69910668130274
"Accurate Seal Plastic Tea, Coffee, Sugar Storage Container/Canister - Green",129.0,134.83441465196324
Joy Square Mug,72.0,75.25641748016552
Star Pet water Bottle - Amber,249.0,260.2617771189058
Stainless Steel Water Bottle - Silver,520.0,543.5185706900844
Skippar Plastic Storage Container - Green Lid,549.0,573.8301832862621
"Plastic Twister Container - Big, Gray",229.0,239.3572167077487
"Water Bottle - H2O Steel, Silver",1452.0,1517.6710858500048
"Airtight Storage Plastic Container - Printed, Kitchen Queen, Purple, Small",139.0,145.2866948575418
Maxx Pet Container - Yellow,259.0,270.7140573244843
Marvel Avengers 2-In-1 Snackeez Bottle With Snack Box,269.0,281.1663375300629
Sante Infuser Water Bottle - Yellow,109.0,113.92985424080615
Gourmet Serving Plastic Bowl,139.0,145.2866948575418
"Glass Water Bottle With Round Base - Yellow, B1364",209.0,218.4526562965916
Premium Round Plastic Glass / Tumbler With Lid - Yellow,39.0,40.76389280175633
"Plastic Twister Container - Small, Brown",169.0,176.64353547427743
"Picnic Kit - Steel Container, Blue, Prime",619.0,646.996144725312
"Iron Table Organizer - Holder, White",349.0,364.78457917469126
Santerno 3 Tier Steel Cloth Dryer Stand,1659.0,1734.0332861054808
Double Walled Glass Bottle With Black Cap - BB1241Blk,279.0,291.6186177356414
"Keep Fresh Pet Container - Printed, Premium, Orange",109.0,113.92985424080615
Printed Plastic Easy Storage Container Set - Assorted Colour,229.0,239.3572167077487
"Glass Bottle With Plastic Outer - Pink Lid, BB1309",189.0,197.54809588543452
"Glass Bottle With Removable Fabric Cover - Black, Bb1311",309.0,322.9754583523771
"Lunch Box-Tiffin Set - Stainless Steel, Pink - PK BB 578 2",400.0,418.09120822314185
Disney Mickey Mouse Plastic Kids Sipper Bottle - Coolest Dude,299.0,312.5231781467985
Premium Round Plastic Container With Lid - Yellow,119.0,124.3821344463847
"Penta Plastic Pet Water Bottle - Light Blue, Wide Mouth",149.0,155.73897506312034
Polyset Ultra Plastic Lunch Box/Tiffin Box - Red,449.0,469.3073812304767
"Plastic Bottle - Narrow Neck, Brown, Apollo, 20371BR",99.0,103.4775740352276
Stainless Steel Adhesive - Hook (4cm),149.0,155.73897506312034
Magic Seal Round Plastic Oil Containers - Royal Blue,99.0,103.4775740352276
Storewell Storage Printed Plastic Container Set - Assorted Colour,379.0,396.14141979142687
Printed Plastic Easy Storage Container Set - Assorted Colour,149.0,155.73897506312034
"Plastic Flexi Lock No.3 Container - Gray, 1.8 L",79.0,82.57301362407051
"Plastic Oil/Vinegar Bottle/Cruet - Green, Bb-608",289.0,302.07089794122
Sunshine Insulated Water Bottle - Green,219.0,228.90493650217016
"Storage Plastic Container Set - Transparent, Orange, L5681C1",199.0,208.00037609101307
"Lunch Box-Tiffin Set - Stainless Steel,Green - Gr BB 578 3",400.0,418.09120822314185
"Steel Lunch Box/Tiffin Box - Duo Star, Green Opaque",690.0,721.2073341849197
Borosilicate Glass Rectangular Container With Lid - Green,269.0,281.1663375300629
"Double Walled Glass Bottle - Playboy, BB1242",319.0,333.4277385579556
"Lunch Box Set - Perfect, With Bag, Assorted Color",730.0,763.0164550072338
"Bottle - Pet, Violet, Venus",49.0,51.21617300733487
Adhesive Hooks - Chromeplated,299.0,312.5231781467985
"2 Fold Umbrella - Auto-Open & Manual Close, Pink",269.0,281.1663375300629
Bon Plastic Lunch/Tiffin Box With Containers & Cover - Red,189.0,197.54809588543452
Plastic Smart Rectangle Container - Assorted Colour,249.0,260.2617771189058
Prince Pilot Plastic Container - Blue,149.0,155.73897506312034
"Puro Stainless Steel Bottle With Sipper Cap - Black Colour, PXP 1008 CQ",1374.0,1436.1433002464921
Premium Plastic Jar With Lid - Green,69.0,72.12073341849197
Plastic Pro Lock 4 Side Lock Container - Gray,149.0,155.73897506312034
Keep Fresh Container - Orange,259.0,270.7140573244843
"Click N Seal Microwaveable Plastic Container - Sipper, L5982-VL",59.0,61.66845321291342
"Microwaveable Round Plastic Lunch Box/Tiffin Box - Fun Meal, Green, Large",189.0,197.54809588543452
"Spice Bottles - Metal, Nested With Stand, Brown",869.0,908.3031498647756
Jars - Cube,449.0,469.3073812304767
"Space Saver Modular Cubix Storage Plastic Container - Transparent, With Blue Lid, Square, Medium",289.0,302.07089794122
"Glass Water Bottle With Round Base - Blue, BB1363",209.0,218.4526562965916
"Two Tone Plastic Bowl/ Fruits & Vegetable Basket - No. 2, White Base With Blue Ring, L2302",59.0,61.66845321291342
Maxx Pet Plastic Premium Container - Yellow,109.0,113.92985424080615
Borosilicate Glass Round Lunch Box/Tiffin Box,709.0,741.0666665755189
"Glass Bottle Ombre Matt Finish - Grey, BB1321",249.0,260.2617771189058
"Storewell Airtight Plastic Container - Transparent, Blue Lid",189.0,197.54809588543452
Suction Hooks Transparent (4.5cm),199.0,208.00037609101307
"Double Walled Glass Bottle - Black Cap, BB1240",279.0,291.6186177356414
Atlas Tritan Plastic Water Bottle - Black,379.0,396.14141979142687
"2 Fold Umbrella - Auto-Open & Manual Close, Green",269.0,281.1663375300629
Joy Square Glass,109.0,113.92985424080615
"Glass Storage Jar - Amaze, Pink, Large",355.0,371.05594729803835
"Penta Plastic Pet Water Bottle - Black, Wide Mouth",149.0,155.73897506312034
"Three Fold Printed Premium Umbrella -  Auto Open & Close, Military Brown",1049.0,1096.4441935651894
Octus Jar,117.0,122.29167840526898
SS Gymbo Krome Water Bottle - Assorted Color,400.0,418.09120822314185
Borosilicate Glass Round Food Container With Green Lid,239.0,249.80949691332725
Dior Bottle,90.0,94.07052185020692
Plastic Round Glass With Lid - Yellow,60.0,62.71368123347128
Double Walled Glass Bottle With Green Cap - BB1241GRN,279.0,291.6186177356414
Plastic Twisty Storage Printed Containers - Blue,139.0,145.2866948575418
Easy Lock Round Container,99.0,103.4775740352276
Premium King Jumbo Steel Cloth Dryer Stand - Orange,3069.0,3207.804795092056
"Puro Stainless Steel Bottle With Steel Cap - Turquoise Colour, PXP 1008 CV",229.0,239.3572167077487
Plastic Container Storage Beauty & Fresh Containers,109.0,113.92985424080615
Click N Seal Round Packing Microwaveable Plastic Container - L5965-VL,149.0,155.73897506312034
"Puro Stainless Steel Bottle With Steel Cap - Steel Matt Finish, PXP 1008 CV",229.0,239.3572167077487
"Trendy Stainless Steel Bottle With Steel Cap - Metallic Green Finish, PXP 1002 BK",219.0,228.90493650217016
Stainless Steel Lunch Box/Tiffin Set - Blue BB 573 2,409.0,427.49826040816254
Oscar PET Fridge Plastic Water Bottle - Purple,29.0,30.31161259617778
Solitaire Storage Transparent Pet Container Set - Purple,409.0,427.49826040816254
Stainless Steel Adhesive - Oval Hook (3cm),149.0,155.73897506312034
Plastic Smart Rectangle Container - Assorted Colour,109.0,113.92985424080615
Maxx Pet Plastic Premium Container - Pink,129.0,134.83441465196324
Airtight Square Plastic Container - Transparent,129.0,134.83441465196324
"Glass Bottle With Plastic Outer - Ice Green, BB1313",179.0,187.09581567985597
"Rectangular Plastic Container - With Lid, Multicolour",188.0,196.50286786487666
Roland Ironing Board - Assorted Colour,1889.0,1974.4357308337874
"Chota Bheem Hot & Cold Large Plastic Lunch Box - With Inner Container, Fork & Spoon, Assorted Colour",289.0,302.07089794122
Ivory Glass Bottle - Black Abstract Design,190.0,198.59332390599238
Whip Alloy Insulated Water Bottle - Pink,339.0,354.3322989691127
Printed Plastic Easy Storage Container Set - Assorted Colour,89.0,93.02529382964906
"2 Fold Umbrella - Auto-Open & Manual Close, Red",269.0,281.1663375300629
"Vacu Fresh Storage Plastic Container - Transparent, Assorted Colour",249.0,260.2617771189058
"Water Bottle - Crystal, Blue",275.0,287.43770565341003
"Plastic Container Set With Franco Snack Tray - Printed, Kitchen King Festival, Green",229.0,239.3572167077487
Sip-It Plastic Water Bottle,79.0,82.57301362407051
"Jar - With Lid, Yellow",113.0,118.11076632303757
"Glass Water Bottle With Round Base - Green, B1366",209.0,218.4526562965916
"Frost Stainless Steel Bottle With Steel Cap - Steel Matt Finish, PXP 1009 BK",219.0,228.90493650217016
Adhesive Hooks - Round White,199.0,208.00037609101307
Glass Oil/Vinegar Holder/Pourer - BB538,229.0,239.3572167077487
Plastic Smart Rectangle Container - Assorted Colour,99.0,103.4775740352276
"Glass Bottle With Plastic Outer - Purple Lid, BB1309",189.0,197.54809588543452
Prince Pilot Plastic Container - Pink,149.0,155.73897506312034
Disney Jake & The Never Land Pirates Plastic Lunch Box/Tiffin Box - HMGSLB 30504-JK,219.0,228.90493650217016
Disney Mickey Mouse Insulated Stainless Steel Lunch Box/Tiffin Box - HMPCLB 20364-MK,599.0,626.0915843141549
Frost Stainless Steel Bottle With Steel Cap Steel Matt Finish Pxp 1004 Dv,249.0,260.2617771189058
All Time Plastic Polka Masala Container Transparent - Blue,249.0,260.2617771189058
"Multipurpose Airtight Transparent Plastic Container Combo - Keep Fresh, Blue",469.0,490.2119416416338
Marvel Spider Man Insulated Hot Case Square Shaped Kids Plastic Lunch Box,359.0,375.2368593802698
Pet Belly Container Set - Silver,489.0,511.1165020527909
"Chota Bheem Medium Size Plastic Lunch Box - With Removable Inner Container, Fork & Spoon Assorted Character, Assorted Colour",449.0,469.3073812304767
"Plastic Hook - White, BB 754",180.0,188.14104370041383
"Stainless Steel Lunch Box/Tiffin Set - Blue, BB 575 2",559.0,584.2824634918408
"Glass Water Bottle With Round Base - Blue, B1366",209.0,218.4526562965916
Steel Hook/Hanger Self Adhesive/Stickable - BH 053,54.0,56.44231311012415
"Plastic Hook/ Hanger Card - Self Adhesive/ Stickable, BH104",59.0,61.66845321291342
"Stainless Steel Cap Bottle - Just Run, She Bottle, Single Wall",589.0,615.6393041085763
"Liberty Multi Utility Storage Rack - 3 Steps, Assorted Colour",1706.0,1783.1590030717
"Trendy Stainless Steel Bottle With Steel Cap - Steel Matt Finish, PXP 1002 BK",219.0,228.90493650217016
Swat Pet Water Bottle - Pink,239.0,249.80949691332725
"Plastic Hook/ Hanger Card - Self Adhesive/ Stickable, BH106",119.0,124.3821344463847
Crisp Decor Container,135.0,141.10578277531036
Maxx Pet Plastic Premium Container - Pink,109.0,113.92985424080615
Plastic Cool Ice Cube Tray - Red,129.0,134.83441465196324
"Doraemon Single Compartment Plastic Lunch Box - With Container, Assorted Character, Assorted Colour",159.0,166.19125526869888
"Plastic Snacker Round Container - Small, Grey",59.0,61.66845321291342
"Plastic Hook/ Hanger Card - Self Adhesive/ Stickable, BH105",119.0,124.3821344463847
Mini Meal Hot Lunch Pack - Green,119.0,124.3821344463847
"Airtight Storage Plastic Container - Printed, Kitchen Queen, Green, Small",139.0,145.2866948575418
Octus Jar,135.0,141.10578277531036
Sporty Plastic water Bottle - Assorted,79.0,82.57301362407051
"Diamond Lock Round Plastic Container - Printed, Assorted Colour",149.0,155.73897506312034
Maxx Pet Container - Yellow,163.0,170.37216735093028
Kitchen Queen Papad Box - Yellow,110.0,114.97508226136401
Leo Plastic Pet Water Bottle - Violet Wide Mouth,25.0,26.130700513946366
Executive Stainless Steel Lunch/Tiffin Box With Containers & Cover - Red,329.0,343.88001876353417
Diet Meal Hot Lunch Pack Shrink - Green,309.0,322.9754583523771
Prince Pilot Plastic Container Set - Blue,349.0,364.78457917469126
Premium Plastic Jar With Lid - Green,99.0,103.4775740352276
"Tiffin - Stylo Hot Executive, Stylo Cream",449.0,469.3073812304767
"Plastic Smart Glass Container - Medium, Assorted Colour",39.0,40.76389280175633
"Storewell Airtight Plastic Container - Transparent, With Purple Lid",329.0,343.88001876353417
Stainless Steel Water Bottle - Red BB 502 1,279.0,291.6186177356414
Premium Square Plastic Container - Pink,179.0,187.09581567985597
Galaxy Storage Plastic Printed Container - Blue,589.0,615.6393041085763
"Storewell Airtight Plastic Container - Transparent, With Purple Lid",129.0,134.83441465196324
"Container - Storewell, Printed, Assorted Color",424.0,443.1766807165303
"Plastic Container Set - Printed, Kitchen King Festival, Green",209.0,218.4526562965916
Storage Plastic Container With Blue Lid,149.0,155.73897506312034
Maxx Printed Pet Container - Pink,121.0,126.4725904875004
"Plastic Container Set - With 2 Spoons, Assorted Colour, Micro Magic",299.0,312.5231781467985
Marvel Spider Man Insulated Stainless Steel Lunch Box / Tiffin Box - HMPCLB 00768-SPM,599.0,626.0915843141549
"Glass Lunch Box - Microwave Safe Office Tiffin, ICY22RD3400",1109.0,1159.1578747986607
Sunshine Insulated Water Bottle - Green,179.0,187.09581567985597
Storewell Storage Printed Plastic Container Set - Assorted Colour,829.0,866.4940290424614
Steel Water Bottle - Bristo,500.0,522.6140102789273
Double Walled Glass Bottle With Blue Cap - BB1243BLU,349.0,364.78457917469126
"Water Bottle - Polka, Pink",275.0,287.43770565341003
"Storewell Airtight Plastic Container - Transparent, With Blue Lid",329.0,343.88001876353417
"Doraemon Polycarbonate Sports Plastic Sipper Bottle - With Easy Carry Shape, Rubberrised Cap Outer & Ice Tube",299.0,312.5231781467985
"Glass Bottle With Plastic Outer - You & Me, BB1316",189.0,197.54809588543452
"Printed Glass Water Bottle With Silicon Cover At Bottom - Grey, BB1303",249.0,260.2617771189058
"Occasionz Dry Fruit Set - With Tray, Assorted Colour",357.0,373.14640333915406
"Steel Lunch Box/Tiffin Box - Duo Star, Blue Opaque",690.0,721.2073341849197
Plastic Round Glass With Lid - Pink,39.0,40.76389280175633
Plastic Water Bottle - Pink,82.0,85.70869768574407
Plastic Cool Ice Cube Tray - Blue,129.0,134.83441465196324
"Container Set - Assorted Colour, Comfort",219.0,228.90493650217016
Disney Cars Small 304 Stainless Steel Lunch Box/Tiffin Box - HMHTLB 50393-CR,349.0,364.78457917469126
"Glass Bottle With Plastic Outer - Green, BB1315",169.0,176.64353547427743
"Steel Salt & Pepper Holder - Silver, BB 539",439.0,458.85510102489815
Sip-It-Plastic Water Bottle,189.0,197.54809588543452
Sunshine Insulated Water Bottle - Pink,209.0,218.4526562965916
Rectangular Plastic Container - Green,149.0,155.73897506312034
"Tiffin - Diet Hot Meal, Stylo Creamo",361.0,377.3273154213855
Plastic Oil Dispenser/ Oil can,79.0,82.57301362407051
Bhim Small Plastic Lunch Box,79.0,82.57301362407051
"Ice Cube/Freezer Tray - Pink, L5003X2",89.0,93.02529382964906
Speedy Steel Printed Iron Table,1689.0,1765.3901267222163
Plastic Pro Lock 4 Side Lock Container - Brown,149.0,155.73897506312034
Sipwell Bottle Set - Blue,275.0,287.43770565341003
Container Set,391.0,408.68415603812116
Premium Rectangular Plastic Container With Lid - Multicolour,119.0,124.3821344463847
"Keep Fresh Pet Container - Printed, Premium, Pink",179.0,187.09581567985597
Maxx Pet Container - Pink,163.0,170.37216735093028
"Diamond Lock Plastic Container - Printed, Rectangle, Assorted Colour",179.0,187.09581567985597
Ice Cube Tray - Green,89.0,93.02529382964906
Maxx Pet Plastic Premium Container - Yellow,119.0,124.3821344463847
Pet Sobo Container Set - Silver,189.0,197.54809588543452
"Glass Water Bottle With Round Base - Red, B1367",209.0,218.4526562965916
Premium Square Plastic Container Set - Blue,119.0,124.3821344463847
"Two Tone Plastic Bowl/ Fruits & Vegetable Basket - No. 1, White Base With Pink Ring, L2301",39.0,40.76389280175633
Plastic Pro Lock 4 Side Lock Container - Gray,179.0,187.09581567985597
Borosilicate Glass Rectangular Lunch Box/Tiffin Box With Lid - Blue,479.0,500.66422184721233
"Vertes Corner Rack - Small, Assorted Colour",194.0,202.77423598822378
"Stainless Steel Water Bottle - Blue, BB 510 1",229.0,239.3572167077487
Plastic Micro-vent Mix Container - Blue,159.0,166.19125526869888
Plastic Kitchen-mate Storge Container - Assorted Colour,249.0,260.2617771189058
"3 Fold Umbrella - Auto-Open & Manual Close, Navy Blue",499.0,521.5687822583694
"Glass Bottle With Removable Fabric Cover - Purple, BB1322",209.0,218.4526562965916
"Rectangular Container - With lid, Multicolour",90.0,94.07052185020692
"Microwaveable Round Plastic Lunch Box/Tiffin Box - Fun Meal, Orange, Medium",169.0,176.64353547427743
"Plastic Lunch Box - Purple, BB569 PPL",349.0,364.78457917469126
"Water Bottle - Assorted Colour, Plastic, Classic, Gemini",199.0,208.00037609101307
"Penta Plastic Pet Water Bottle - Green, Wide Mouth",149.0,155.73897506312034
Borosilicate Glass Lunch Box / Tiffin Box Round - Blue,519.0,542.4733426695266
Magic Seal Oval Storage Plastic Container - Royal Blue,79.0,82.57301362407051
"Glass Bottle With Plastic Rim & Cap - Blue, BB1319",179.0,187.09581567985597
"Dry Fruits/Candy/Jam Jar With Spoons - Acrylic, Bb-688",689.0,720.1621061643618
"Glass Bottle With Plastic Outer - Beige, BB1313",179.0,187.09581567985597
"Plastic Container - Transparent, With Pink Lid",369.0,385.68913958584835
"Trendy Stainless Steel Bottle With Sipper Cap - White Matt Finish, PXP 1002 CQ",229.0,239.3572167077487
"Storewell Airtight Plastic Container - Transparent, With Purple Lid",189.0,197.54809588543452
Disney Minnie Mouse Insulated Hot Case Square Shaped Kids Plastic Lunch Box,339.0,354.3322989691127
Zaire Steel Iron Board/ Iron Table - Black Text Design,2399.0,2507.502021318293
Rectangular Plastic Container - Magenta,309.0,322.9754583523771
Plastic Milano Mix Container -  Maroon,189.0,197.54809588543452
Bon Plastic Lunch/Tiffin Box With Containers & Cover - Purple,179.0,187.09581567985597
"Vittora Plastic Shoe Rack/Shoe Stand - 3 Steps, Assorted Colour",1059.0,1106.896473770768
Glass Water Bottle - Bri Black & Grey,215.0,224.72402441993873
Small Picture Hanging Strips,179.0,187.09581567985597
Borosilicate Glass Rectangular Container With Lid - Green,229.0,239.3572167077487
Disney Frozen Insulated Hot Case Kids Plastic Lunch Box With Steel Tray,449.0,469.3073812304767
"Plastic & Stainless Steel Lunch Box - Blue, BB1377BLU",639.0,667.9007051364691
SS & Glass Oil/Vinegar Holder/Pourer - BB537,279.0,291.6186177356414
Square PP Plastic Fridge Bottles - Orange,169.0,176.64353547427743
"2 Fold Umbrella - Auto-Open & Manual Close, Black, 27 Inches",459.0,479.75966143605524
Stainless Steel Adhesive - Oval Hook (2cm),149.0,155.73897506312034
"Storewell Airtight Plastic Container - Transparent, With Blue Lid",219.0,228.90493650217016
"2 Fold Umbrella - Auto-Open & Manual Close, Mehndi",279.0,291.6186177356414
Marvel 20 Multi Storage Plastic Basket Without Lid - Matt Brown,89.0,93.02529382964906
Adhesive Hooks - Large Oval Universal,159.0,166.19125526869888
"Frost Stainless Steel Bottle With Steel Cap - Turquoise Colour, PXP 1004 DV",498.0,520.5235542378116
"Glass Bottle With Removable Fabric Cover - Brown, BB1320",129.0,134.83441465196324
"Tiffin - Stylo Hot Executive, Evening Pista",449.0,469.3073812304767
"Pet Plastic Water Bottle - Pink, Aster, L3022X6 PK",189.0,197.54809588543452
"Stainless Steel Sipper Cap Bottle - Want To Be A Racer, Single Wall",499.0,521.5687822583694
Plain Container Jumbo Combo Set - Orange,469.0,490.2119416416338
Better Home Super Tight Plastic Container - Assorted Colour,199.0,208.00037609101307
"Two Tone Plastic Bowl/ Fruits & Vegetable Basket - No. 1, Blue, L2301",39.0,40.76389280175633
Plastic Milano Mix Container - Gary,189.0,197.54809588543452
Polka Plastic Container - Green,289.0,302.07089794122
All Time Plastic Sleek Masala Container Transparent - Red,249.0,260.2617771189058
"Plastic Bottle - Narrow Neck, Orange, Apollo, 20371O",99.0,103.4775740352276
Luncheon Insulated Round Lunch Pack,216.0,225.7692524404966
"Chota Bheem Super Big Plastic Lunch Box - Assorted Character, Assorted Colour",129.0,134.83441465196324
"Borosilicate Glass Lunch Box/Tiffin Box Round - Microwavable, Premium, Airvent Green Lid With Bag",899.0,939.6599904815113
"Plastic Snacker Round Container - Small, Brown",59.0,61.66845321291342
Spray Glass Water Bottle With Cork - Violet,439.0,458.85510102489815
Plastic Smart Rectangle Container - Assorted Colour,79.0,82.57301362407051
"Container - Square, Tower Shape, Blue",238.0,248.7642688927694
"Two Tone Plastic Bowl/ Fruits & Vegetable Basket - No. 3, White Base With Pink Ring, L2303",69.0,72.12073341849197
Oscar PET Fridge Plastic Water Bottle - Blue,87.0,90.93483778853334
Universal Hooks - Square In Color White,199.0,208.00037609101307
"Water Bottle - Plastic, Maple, Pink",195.0,203.81946400878164
Kitchen Queen Papad Box - Yellow,110.0,114.97508226136401
"Glass Water Bottle With Round Base - Yellow, BB1359",209.0,218.4526562965916
"2 Fold Umbrella - Auto-Open & Manual Close, Red",269.0,281.1663375300629
Click N Seal Rectangular Microwaveable Plastic Container - L5919-VL,209.0,218.4526562965916
Nutri Lunch Insulated Tiffin - Red,299.0,312.5231781467985
"Plastic Kitchen Rack/Kitchen Stand - 3 Tier, Assorted Colour",1289.0,1347.2989184990745
Stainless Steel Water Bottle- Black BB 508,440.0,459.90032904545603
Bite & Sip Flask And Lunch Box - Red Colour,319.0,333.4277385579556
Max Fresh New Click Plastic Lunch Box - Brown,479.0,500.66422184721233
Diet Meal Hot Lunch Box Shrink - Violet,299.0,312.5231781467985
"Aqua Stainless Steel Bottle With Steel Cap - Steel Matt Finish, PXP 1003 CK",229.0,239.3572167077487
"Plastic Container Set - Printed, Kitchen King Festival, Green",169.0,176.64353547427743
"Glass Bottle With Plastic Outer - Cream, BB1314",179.0,187.09581567985597
"Glass Bottle With Plastic Outer - Cream, BB1315",169.0,176.64353547427743
"Modular Multi Utility Plastic Storage Drawer - 3 Tier, Assorted Colour",799.0,835.1371884257258
"Airtight Plastic Tea, Coffee & Sugar Container - Blue",179.0,187.09581567985597
"Airtight Storage Plastic Container - Printed, Kitchen Queen, Green, Medium",169.0,176.64353547427743
Plastic Pro Lock 4 Side Lock Container - Brown,169.0,176.64353547427743
"Stainless Steel Lunch Box/Tiffin Set - Red, BB 577 2",829.0,866.4940290424614
"Plastic & Stainless Steel Lunch Box - Red, BB1377RED",639.0,667.9007051364691
"Leo Plastic Pet Water Bottle - Black, Wide Mouth",149.0,155.73897506312034
Plastic Tea/Coffee/Sugar Container - Brown,280.0,292.6638457561993
Borosilicate Glass Round Container With Lid - Blue,219.0,228.90493650217016
Plastic Transparent Container With Lid BB1183,319.0,333.4277385579556
"Space Saver Modular Kitchen Storage Plastic Container - Transparent, With Blue Lid",129.0,134.83441465196324
Clear Décor Clips,179.0,187.09581567985597
Carry Fresh Stainless Steel Lunch Box/Tiffin Box Insulated Set - Blue,779.0,814.2326280145687
Disney Mickey Mouse Plastic Lunch Box/Tiffin Box - HMGSLB 22004-MK,219.0,228.90493650217016
Spill Guard No.4 Kids Lunch Box - Red,119.0,124.3821344463847
"Microwaveable Plastic Multiutility Bowl - Yellow, New Coral, L2271 YL",38.0,39.71866478119848
"Diamond Lock Printed Plastic Container - Rectangle, Assorted Colour",109.0,113.92985424080615
"Plastic Cloth Hangers - Brown, Elegance",159.0,166.19125526869888
"Microwaveable Plastic Multiutility Bowl - Pink, New Coral, L2273 PK",39.0,40.76389280175633
"Water Bottle - A5 Note Book, Assorted Colour",299.0,312.5231781467985
"Plastic Bottle - Narrow Neck, Orange, Apollo, 20381O",99.0,103.4775740352276
Click N Seal Canister Microwaveable Plastic Container - L5906-VL,289.0,302.07089794122
"Better Home Super Tight Plastic Container - Printed, Assorted Colour",219.0,228.90493650217016
Disney Mickey Mouse Plastic Kids Sipper Bottle - Enjoy Yourself,299.0,312.5231781467985
Plastic Storage Container - Checkers,269.0,281.1663375300629
Plastic Container Set - Pink,279.0,291.6186177356414
Printed Plastic Easy Storage Container Set - Assorted Colour,79.0,82.57301362407051
"Super Tight Plastic Container - Printed, Assorted Colour",449.0,469.3073812304767
Broom Gripper,439.0,458.85510102489815
Stainless Steel Lunch Box/Tiffin Set - Pink - BB 570 1,449.0,469.3073812304767
Cube Storage Glass Jar,139.0,145.2866948575418
"Lunch Bag - With 3 Container, Big Bite, Red",329.0,343.88001876353417
"Frost Stainless Steel Bottle With Steel Cap - Steel Matt Finish, PXP 1004 CV",687.0,718.0716501232461
"Spice Bottles - Metal, Nested With Stand, Black",869.0,908.3031498647756
Adhesive Hooks - Round White,199.0,208.00037609101307
Leo Plastic Pet Water Bottle - Green Wide Mouth,75.0,78.3921015418391
Storewell Plastic Storage container Polka Dots - Assorted,424.0,443.1766807165303
"Twister Plastic Container Set - Printed, Pink Foil Colour",419.0,437.95054061374105
"Tiffin - Mini Hot Meal, Blue",155.0,162.01034318646745
"Futura Plastic Shoe Rack/Shoe Stand - 3 Tier, Assorted Colour",1399.0,1462.2740007604386
Borosilicate Glass Rectangular Food Container With Dark Blue Lid,209.0,218.4526562965916
Borosilicate Glass Rectangular Lunch Box/Tiffin Box With Lid - Blue,469.0,490.2119416416338
Polka Plastic Container - Yellow,289.0,302.07089794122
Glass Water Bottle - Aquaria Organic Red,425.0,444.2219087370882
H2O Unbreakable Water Bottle - Blue,774.0,809.0064879117795
Stainless Steel Lunch Box/Tiffin Set - Green BB573GRN,409.0,427.49826040816254
Maxx Pet Plastic Premium Container - Pink,119.0,124.3821344463847
"Penta Plastic Pet Water Bottle - White, Wide Mouth",75.0,78.3921015418391
Spill Guard No.4 Kids Lunch Box - Blue,119.0,124.3821344463847
Italic See Through Printed Plastic Container Storage/Jars - Black Colour,139.0,145.2866948575418
Cube Storage Glass Jar,159.0,166.19125526869888
Ivory Premium Glass Bottle - With Yellow & Orange Floral,205.0,214.27174421436018
Rectangular Plastic Container - Magenta,219.0,228.90493650217016
Maxx Printed Pet Container - Pink,121.0,126.4725904875004
Plastic Multifunctional Storage Box - Blue,569.0,594.7347436974193
Saaj Plastic Microwave Serving Bowl/ Container - Printed,299.0,312.5231781467985
"Stainless Steel Insulated Lunch Box/Tiffin Box Leakproof - Happy Meal, Orange",439.0,458.85510102489815
"Container - Flat, Square Shape, Blue",115.0,120.20122236415328
"Glass Bottle With Plastic Outer - Green, BB1313",179.0,187.09581567985597
"Three Fold Printed Premium Umbrella -  Auto Open & Close, Military Grey",1049.0,1096.4441935651894
Asian Mini Meal Hot Lunch Pack - Purple,119.0,124.3821344463847
Premium Tower Shape Square Plastic Container Set - Pink,149.0,155.73897506312034
"Containers - Square, Blue",280.0,292.6638457561993
"Glass Tiffin - Round, Health First",809.0,845.5894686313044
Dynamic Storage Plastic Container Assorted,129.0,134.83441465196324
Blaze Blue Stainless Steel Lunch Box/Tiffin Box - Blue,639.0,667.9007051364691
Trendy Stainless-Steel Bottle With Sipper Cap Black Colour Pxp 1002 Dq,249.0,260.2617771189058
Rectangular Plastic Container Set - Magenta,299.0,312.5231781467985
"Glass Water Bottle With Square Base - Transparent, BB 1360",199.0,208.00037609101307
"Leo Plastic Pet Water Bottle - Green, Wide Mouth",149.0,155.73897506312034
"Space Saver Modular Cubix Storage Plastic Container - Transparent, With Blue Lid, Square, Big",359.0,375.2368593802698
"Alfa Storage Plastic Container,Transparent - Assorted colour",309.0,322.9754583523771
"Leo Plastic Pet Water Bottle - Light Blue, Wide Mouth",75.0,78.3921015418391
"Two Tone Plastic Bowl/ Fruits & Vegetable Basket - No. 3, White Base With Blue Ring, L2303",69.0,72.12073341849197
Saaj Belly Plastic Container Set - Printed,239.0,249.80949691332725
"Trendy Stainless Steel Bottle With Steel Cap - Steel Mirror Finish, PXP 1002 CV",229.0,239.3572167077487
"Glass Water Bottle With Round Base - Yellow, BB1362",209.0,218.4526562965916
"Container - Round, With Lid, Pink",83.0,86.75392570630193
Multipurpose Plastic Tray - Round,119.0,124.3821344463847
Classic Storage Glass Jar Set - Assorted,249.0,260.2617771189058
"Insulated Stainless Steel Easy Sip Bottle - Want To Be An Astronaut, Double Wall",749.0,782.875787397833
Borosilicate Glass Round Food Container With Dark Blue Lid,199.0,208.00037609101307
Borosilicate Glass Lunch Box/Tiffin Box,479.0,500.66422184721233
"Octa Plastic Pet Water Bottle - White, Narrow Mouth",25.0,26.130700513946366
"Microwaveable Round Plastic Lunch Box/Tiffin Box - Fun Meal, Green, Medium",169.0,176.64353547427743
Pet Solitaire Premium water Bottle - Turkish Blue,289.0,302.07089794122
"Plastic Lunch Box - Blue, BB569 BLU",359.0,375.2368593802698
Stainless Steel Lunch Box/Tiffin Set - Pink BB 575 1,559.0,584.2824634918408
"Microwaveable Round Plastic Lunch Box/Tiffin Box - Fun Meal, Orange, Large",189.0,197.54809588543452
Keep Fresh Container - Pink,105.0,109.74894215857474
"Plastic Micro-vent Container - Small, Assorted Colour",89.0,93.02529382964906
"Spacio Multi-Purpose Plastic Kitchen Rack/Kitchen Stand - 3 Steps, Assorted Colour",819.0,856.0417488368829
"Glass Bottle With Removable Fabric Cover - Green, BB1308",259.0,270.7140573244843
"Glass Water Bottle With Square Base - Yellow, BB 1360",209.0,218.4526562965916
Stainless Steel Lunch Box/Tiffin Set - Green - BB 575 3,559.0,584.2824634918408
Epsilon Tritan Plastic Sports Water Bottle - Green,439.0,458.85510102489815
"Glass Bottle With Plastic Outer - Blue Lid, BB1309",189.0,197.54809588543452
"Super Tight Plastic Container - Printed, Assorted Colour",179.0,187.09581567985597
Plastic Smart Rectangle Container - Assorted Colour,59.0,61.66845321291342
Pet Selo Container Set - Silver,269.0,281.1663375300629
Loopy Pet water Bottle - Amber,249.0,260.2617771189058
"Plastic Twister Container - Big, Brown",229.0,239.3572167077487
Triple Layer Plastic Lunch Box - Blue BB 583 2,229.0,239.3572167077487
"Plastic Snacker Round Container - Big, Grey",69.0,72.12073341849197
"Puro Stainless Steel Bottle With Sipper Cap - Metallic Green Finish, PXP 1008 CQ",229.0,239.3572167077487
Premium Plastic Jar With Lid - Green,69.0,72.12073341849197
Nutri Lunch Insulated Tiffin - Pink,299.0,312.5231781467985
Magic Seal Mini Rectangular Storage Plastic Container - Blue,99.0,103.4775740352276
Petal Printed Plastic Storage Container - Assorted Colour,149.0,155.73897506312034
Magic Seal Rectangular Storage Plastic Container - Pink,69.0,72.12073341849197
Water Bottle - Chromo Steel,500.0,522.6140102789273
"Diamond Lock Printed Plastic Container - Square, Assorted Colour",99.0,103.4775740352276
"Octa Plastic Pet Water Bottle - White, Narrow Mouth",149.0,155.73897506312034
Sante Infuser Water Bottle - Green,109.0,113.92985424080615
"Stainless Steel Lunch Box - Tiffin Set, Blue BB 570 3",459.0,479.75966143605524
Borosilicate Glass Square Food Container With Green Lid,289.0,302.07089794122
Premium Round & Flat Storage Container With Lid - Green,99.0,103.4775740352276
Plastic Micro-vent Mix Container - Maroon,159.0,166.19125526869888
Sipwell Bottle Set - Orange,275.0,287.43770565341003
Plastic Twisty Storage Printed Containers - Blue,169.0,176.64353547427743
Multipurpose Lock-N-Pack Plastic Container - Transparent,499.0,521.5687822583694
Galaxy Storage Plastic Printed Container - Pink,359.0,375.2368593802698
"Lunch Pack - Container, Assorted Colour, Food Hub",629.0,657.4484249308905
Disney Frozen Double Wall Insulated Kids Sipper Bottle,269.0,281.1663375300629
Water Bottle - Apsara 1 Assorted Colour,29.0,30.31161259617778
Atlas Plastic Water Bottle - Blue,36.0,37.62820874008276
"Borosilicate Food Container With Lid - Square, Small",219.0,228.90493650217016
"Plastic & Stainless Steel Lunch Box - Green, BB1377GRN",639.0,667.9007051364691
Sante Infuser Water Bottle - Red,109.0,113.92985424080615
Plastic Hook/ Hanger Card - Self Adhesive/ Stickable BH107,59.0,61.66845321291342
Hydro Sports Bottle,99.0,103.4775740352276
Whip Insulated Water Bottle - Red,219.0,228.90493650217016
"Lunch Bag - With 3 Container, Mega Bite, Green",305.0,318.79454627014564
Candy Pink Stainless Steel Lunch Box/Tiffin Box - Pink,659.0,688.8052655476262
Malta Round Plastic Container Set - Blue,149.0,155.73897506312034
"Leo Plastic Pet Water Bottle - Black, Wide Mouth",75.0,78.3921015418391
"Two Tone Plastic Bowl/ Fruits & Vegetable Basket - No. 2, White Base With Pink Ring, L2302",59.0,61.66845321291342
Stainless Steel Water Bottle - Green BB 498 2,249.0,260.2617771189058
"Better Home Super Tight Plastic Container - Printed, Assorted Colours",259.0,270.7140573244843
"Glass Water Bottle With Round Base - Transparent, B1367",199.0,208.00037609101307
"Pride Multi Utility Storage Drawer - 4 Steps, Assorted Colour",704.0,735.8405264727296
"Stainless Steel Water Bottle - Blue, BB 493 2",179.0,187.09581567985597
Magic Seal Rectangular Storage Plastic Container - Blue,69.0,72.12073341849197
Plastic Tea/Coffee/Sugar Container - Brown,280.0,292.6638457561993
Maxx Pet Container - Yellow,149.0,155.73897506312034
Pet Sobo Container Set - Silver,229.0,239.3572167077487
Glass Water Bottle - Circo Orange & Lemon,309.0,322.9754583523771
"Stainless Steel Lunch Box/Tiffin Box Insulated Leak Proof - Happy Meal, Blue",499.0,521.5687822583694
"Trendy Stainless Steel Bottle With Steel Cap - Steel Mirror Finish, PXP 1002 BK",219.0,228.90493650217016
"Glass Bottle With Plastic Outer - Green Lid, BB1309",189.0,197.54809588543452
Sip-It-Plastic Water Bottle,159.0,166.19125526869888
"Trendy Stainless Steel Bottle With Sipper Cap - Steel Matt Finish, PXP 1002 CQ",229.0,239.3572167077487
Click N Seal Rectangular Microwaveable Plastic Container - L5915-VL,109.0,113.92985424080615
"Bottle - Pet, Green, Solar",49.0,51.21617300733487
"Double Walled Glass Bottle - Brown Cap, BB1239",319.0,333.4277385579556
"Borosilicate Glass Jar/ Glass Container - Stacko, With Yellow Lid",319.0,333.4277385579556
"Glass Borosilicate Lunch Box / Tiffin Box - Round Microwavable, Premium, Airvent Green Lid",309.0,322.9754583523771
Plastic Container Set - Green,149.0,155.73897506312034
"Plastic Bottle - Narrow Neck, Blue, Apollo, 20381BL",99.0,103.4775740352276
Premium Square Plastic Container - Blue,169.0,176.64353547427743
Disney Mickey Mouse Stainless Steel Kids Water Bottle - Silver,529.0,552.9256228751051
"Pilot Plastic Container - Green, L5582X2",120.0,125.42736246694255
"Stainless Steel Water Bottle - Red, BB 510 2",229.0,239.3572167077487
Marvel Avengers Insulated Stainless Steel Lunch Box/Tiffin Box - HMPCLB 73307-AV,599.0,626.0915843141549
"Super Tight Plastic Container - Printed, Assorted Colour",119.0,124.3821344463847
All Time Polka Plastic Storage Container - Assorted Colour,189.0,197.54809588543452
Rectangular Plastic Container - Green,219.0,228.90493650217016
Food Keeper Plastic Container - Assorted Colour,89.0,93.02529382964906
Plus Pet Plain Jar - Transparent (Reusable),209.0,218.4526562965916
"Tiffin Set - With 3 Containers, Thermosteel, Insulated, Orange, Vector Deluxe",600.0,627.1368123347128
Easy Lock Square Container,135.0,141.10578277531036
"Plastic Lunch Box/Tiffin Box - Diet Meal Hot Pack, Green",249.0,260.2617771189058
Magic Seal Square Plastic Storage Containers - Royal Blue,249.0,260.2617771189058
Gourmet Serving Plastic Bowl,269.0,281.1663375300629
"Lunch Box - Mark 3 Deluxe, Sky Blue",519.0,542.4733426695266
Maxx Pet Plastic Premium Container - Pink,89.0,93.02529382964906
Cutlery Rack/Stand - Green,49.0,51.21617300733487
Rectangular Plastic Container - Magenta,149.0,155.73897506312034
"Water Bottle - Twisty, Pink",275.0,287.43770565341003
"Glass Water Bottle With Round Base - Blue, BB1359",209.0,218.4526562965916
Magic Seal Round Storage Plastic Container - Blue,89.0,93.02529382964906
"Container Set - Assorted Colour, Comfort",169.0,176.64353547427743
Maxx Pet Plastic Premium Container - Yellow,89.0,93.02529382964906
Marino Air-Tight Glass Storage Jar With Green Lid,309.0,322.9754583523771
Disney Frozen Insulated Stainless Steel Lunch Box/Tiffin Box - HMPCLB 85218-FZ,599.0,626.0915843141549
Wooden Printed Iron Table - GEC-526MD,1749.0,1828.1038079556877
Disney Moana Kids Sipper Bottle,269.0,281.1663375300629
"Plastic Container Set - Transparent, Square, With Assorted Colour Lid, L5655X4CBM",149.0,155.73897506312034
H2o Unbreakable Water Bottle - Orange,129.0,134.83441465196324
"Glass Bottle Ombre Matt Finish - Blue, BB1321",249.0,260.2617771189058
Plastic Atta Container - Transparent,899.0,939.6599904815113
"Store Fresh Bowl Storage Plastic Container - Green, With Grey Lid",159.0,166.19125526869888
Magic Seal Plastic Oil Can Cannister - Assorted Colour,89.0,93.02529382964906
Marino Air-Tight Glass Storage Jar With Blue Lid,279.0,291.6186177356414
"Heavy Duty Ironing Board Cum Ladder - Grey, BB1437",3419.0,3573.634602287305
Frost Stainless Steel Bottle With Steel Cap Purple Pxp 1004 Dv,249.0,260.2617771189058
"Aqua Stainless Steel Bottle With Steel Cap - Metallic Pink Finish, PXP 1003 CK",229.0,239.3572167077487
"Tiffin - Stylo Hot Executive, Blue",449.0,469.3073812304767
Plastic Twisty Storage Printed Containers - Blue,99.0,103.4775740352276
Disney Cinderella Princess Double Wall Plastic Sipper Kids Water Bottle,349.0,364.78457917469126
"Spice Bottles - Metal, Nested With Stand, Copper",869.0,908.3031498647756
"2 Fold Umbrella - Auto-Open & Manual Close, Black, 29 Inches",279.0,291.6186177356414
"Glass Bottle With Plastic Outer  - Blue, BB1315",169.0,176.64353547427743
Disney Frozen Double Wall Plastic Sipper Kids Water Bottle,319.0,333.4277385579556
"Space Saver Modular Kitchen Storage Plastic Container - Transparent, With Blue Lid",79.0,82.57301362407051
"Octa Plastic Pet Water Bottle - Black, Narrow Mouth",149.0,155.73897506312034
Plastic Flexi Lock Container - Brown,449.0,469.3073812304767
"Premium Cloth Dryer/Drying Stand - Foldable, Silver, BB 1434",4649.0,4859.265067573466
"Airtight Plastic Container Set - Printed, Super Stylo, Green",299.0,312.5231781467985
Borosilicate Glass Rectangular Lunch Box/Tiffin Box With Lid - Green,469.0,490.2119416416338
Crystal Jar,162.0,169.32693933037245
"Leo Plastic Pet Water Bottle - White, Wide Mouth",149.0,155.73897506312034
Spray Glass water Bottle With Cork - Orange,439.0,458.85510102489815
"Glass Bottle With Plastic Outer - White, BB1314",179.0,187.09581567985597
Premium Tower Shape Square Plastic Container - Blue,149.0,155.73897506312034
"Stainless Steel Water Bottle - Red, BB 493 3",179.0,187.09581567985597
Multipurpose 3 Tier Rack,345.0,360.60366709245983
Multi-Purpose 2-Step Corner Rack/Stand,159.0,166.19125526869888
Glass Water Bottle - Circo Multicolour Flowers,309.0,322.9754583523771
"Water Bottle - Polka, Orange",275.0,287.43770565341003
"Glass Water Bottle With Square Base - Blue, BB 1360",209.0,218.4526562965916
"Water Bottle - Fridge, Tulip, Purple",137.0,143.19623881642607
"Bottle - Pet, Pink, Solar",49.0,51.21617300733487
"2 Fold Umbrella - Auto-Open & Manual Close, Sea Green",269.0,281.1663375300629
Double Walled Glass Bottle With Gray Cap - BB1243GRAY,349.0,364.78457917469126
"Lunch Box - Mark 3 Deluxe, Brown",519.0,542.4733426695266
Borosilicate Glass Rectangular Container With Lid - Blue,269.0,281.1663375300629
Easy Lock Round Container,198.0,206.9551480704552
Pilot Plastic Container - Blue,99.0,103.4775740352276
Plastic Container Set - Green,289.0,302.07089794122
Magic Seal Oval Storage Plastic Container - Royal Blue,149.0,155.73897506312034
Premium Plastic Jar With Lid - Green,49.0,51.21617300733487
"Ice Cube/ Freezer Tray - Mango Yellow, L5003X2",89.0,93.02529382964906
Spice/Condiments Rotating Bottles - BB542,419.0,437.95054061374105
"Storewell Airtight Plastic Container - Transparent, Orange Lid",219.0,228.90493650217016
"Store Fresh Microwaveable Plastic Container Set - Transparent, Blue, L5682C9-10",179.0,187.09581567985597
Magic Seal Mini Rectangular Storage Plastic Container - Royal Red,99.0,103.4775740352276
"Borosilicate Glass Lunch Box/Tiffin Box - Round, Universal",1209.0,1263.6806768544461
"Glass Water Bottle With Square Base - Red, BB 1360",209.0,218.4526562965916
"Airtight Plastic Turn & Lock Jar With Spoon - Printed, Assorted Colour",159.0,166.19125526869888
Steelo Sunpet Water Bottle-Assorted 1L Pack of 6+BB Royal Tea-Masters Blend 500G,509.0,532.0210624639479
"Trendy Stainless Steel Bottle With Sipper Cap - Black Finish, PXP 1002 CQ",458.0,478.7144334154974
Marino Air-Tight Glass Storage Jar With Red Lid,269.0,281.1663375300629
Pet Solitaire Container Set - Silver,149.0,155.73897506312034
"Bottle - Bri Glass, With Cover, Blue Flower",215.0,224.72402441993873
"Trendy Stainless Steel Bottle With Steel Cap - Turquoise Colour, PXP 1002 DV",249.0,260.2617771189058
Lisa Easy Carry Bottle,65.0,67.93982133626055
Plastic Polka Masala Container Transparent - Assorted Colour,59.0,61.66845321291342
"Liberty Multi Utility Storage Rack - 2 Steps, Assorted Colour",1180.0,1233.3690642582685
Executive Stainless Steel Lunch/Tiffin Box With Containers & Cover - Green,329.0,343.88001876353417
"Borosilicate Food Container With Lid - Rectangular, Small",239.0,249.80949691332725
"Doraemon Medium Size Plastic Lunch Box - With Removable Inner Container, Fork & Spoon, Assorted Character, Assorted Colour",359.0,375.2368593802698
"Pilot Plastic Container - Blue, L5580X4",89.0,93.02529382964906
"Plastic Bottle - Narrow Neck, Blue, Apollo, 20371BL",99.0,103.4775740352276
Pacific PET Fridge Plastic Water Bottle - Red,29.0,30.31161259617778
Multi-Purpose Plastic Trolley With Wheels/Plastic Stand - Blue,949.0,991.921391509404
Spice/Condiments Rotating Bottles - BB532,229.0,239.3572167077487
"Microwaveable Round Plastic Lunch Box/Tiffin Box - Fun Meal, Red, Large",169.0,176.64353547427743
Dulhaniya Transparent Plastic Container/ Saree Storage Box - Transparent,269.0,281.1663375300629
"Glass Storage Jar - Amaze, Pink, Medium",325.0,339.69910668130274
"Container - Square, Assorted Colour, Omega, No 3",249.0,260.2617771189058
"Plastic Twister Container - Small, Gray",169.0,176.64353547427743
Magic Seal Rectangular Plastic Storage Containers - Pink,79.0,82.57301362407051
Steel Water Bottle - Bristo,400.0,418.09120822314185
"Glass Bottle With Removable Fabric Cover - Green, BB1322",209.0,218.4526562965916
Cube Storage Glass Jar,259.0,270.7140573244843
Multipurpose Plastic Dry Fruits/Sweets Table Tray - Bb-1176,1139.0,1190.5147154153963
"Glass Water Bottle With Round Base - Green, B1367",209.0,218.4526562965916
"Frost Stainless Steel Bottle With Sipper Cap - Steel Mirror Finish, PXP 1004 CQ",229.0,239.3572167077487
Carry Fresh Stainless Steel Lunch Box/Tiffin Box Insulated - Blue/Grey,1189.0,1242.776116443289
Malta Round Plastic Container Set - Pink,149.0,155.73897506312034
Opal Pet Plastic Storage Container With Lid - Assorted Colour,109.0,113.92985424080615
Solitaire Premium Pet Water Bottle - Grey,289.0,302.07089794122
"Aqua Stainless Steel Bottle With Steel Cap - Steel Mirror Finish, PXP 1003 CK",229.0,239.3572167077487
Borosilicate Glass Square Food Container With Green Lid,229.0,239.3572167077487
"Microwave Storage Plastic Container - Transparent, Space Saver",239.0,249.80949691332725
"2 Fold Umbrella - Auto-Open & Manual Close, Brown",279.0,291.6186177356414
"Containers - Square, Green",280.0,292.6638457561993
"Penta Plastic Pet Water Bottle - Light Blue, Wide Mouth",25.0,26.130700513946366
"Keep Fresh Pet Container - Printed, Premium, Pink",119.0,124.3821344463847
Square Pet water Bottle - Violet,195.0,203.81946400878164
Premium Round Plastic Container With Lid - Blue,229.0,239.3572167077487
"Borosilicate Glass Lunch Box/Tiffin Box - Square Microwavable, Premium, Airvent Green Lid With Bag",1109.0,1159.1578747986607
"Puro Stainless Steel Bottle With Sipper Cap - White Matt Finish, PXP 1008 CQ",687.0,718.0716501232461
Plastic Storage Container With Easy Lock - Assorted Colour,219.0,228.90493650217016
Screw & Bolt Set - Assorted Size,139.0,145.2866948575418
Borosilicate Glass Round Food Container With Dark Blue Lid,309.0,322.9754583523771
"Space Saver Modular Kitchen Storage Plastic Container - Transparent, With Blue Lid",99.0,103.4775740352276
"Glass Storage Jar - Amaze, Blue, Small",295.0,308.3422660645671
"Insulated Stainless Steel Easy Sip Bottle - Want To Be A Dancer, Double Wall",749.0,782.875787397833
Utility Bag For Car,109.0,113.92985424080615
Premium Square Plastic Container Set - Pink,119.0,124.3821344463847
"Airtight Plastic Container - Transparent, Smart Stackable, Pink",319.0,333.4277385579556
"Aqua Stainless Steel Bottle With Sipper Cap - White Matt Finish, PXP 1003 DQ",249.0,260.2617771189058
Jumbo Utility Hook,179.0,187.09581567985597
"Stainless Steel Water Bottle - Silver, BB 492 1",239.0,249.80949691332725
Magic Seal Square Storage Plastic Container - Royal Blue,169.0,176.64353547427743
"Vertex Rectangular Multipurpose Plastic Kitchen Rack/Kitchen Stand - 3 Steps, Assorted Colour",569.0,594.7347436974193
Super Dip Kids Lunch Box - Red,99.0,103.4775740352276
Round Plastic Container Set - Black,159.0,166.19125526869888
"Modular Plastic Container - Yellow, Super Seal, 22433",229.0,239.3572167077487
"Leo Plastic Pet Water Bottle - Light Blue, Wide Mouth",149.0,155.73897506312034
Micro Magic Plastic Container With Two Free Spoons,249.0,260.2617771189058
"Picnic Kit - Steel Container, Orange, Prime",439.0,458.85510102489815
Do Your Best Plastic Sleek Water Bottle - Black BB 234,310.0,324.0206863729349
"Glass Bottle Ombre Matt Finish - Pink, BB1321",249.0,260.2617771189058
"Plastic Lunch Box/Tiffin Box - Diet Meal Hot Pack, Orange",249.0,260.2617771189058
"Plastic Bottle - Narrow Neck, Green, Apollo, 20371GN",99.0,103.4775740352276
"Cane Basket Set - Mini + Small + Medium + Round Cutlery Stand, With Jali Net",269.0,281.1663375300629
"Store Fresh Microwaveable Plastic Container Set - Transparent, Blue, L5682C4-10",239.0,249.80949691332725
"Glass Bottle With Plastic Outer - Boy & Girl, BB1316",189.0,197.54809588543452
Ivory Premium Glass Bottle - With Snowman,205.0,214.27174421436018
Sunshine Insulated Water Bottle - Blue,219.0,228.90493650217016
Small Utility Hooks,99.0,103.4775740352276
Loopy Pet water Bottle - Pink,249.0,260.2617771189058
"Multipurpose Jar/ Container With Lid - Acrylic, Bb-1187",539.0,563.3779030806836
Multi-Purpose Plastic Trolley With Wheels/Plastic Stand - Grey,919.0,960.5645508926683
"Airtight Plastic Turn & Lock Jar With Spoon - Printed, Assorted Colour",109.0,113.92985424080615
"2 Fold Umbrella - Auto-Open & Manual Close, Black, 24.5 Inches",289.0,302.07089794122
"Multipurpose Jar With Wooden Lid - Acrylic, L Bb-1186",409.0,427.49826040816254
Lisa Easy Carry Bottle,75.0,78.3921015418391
"Containers - Rectangle, Assorted",100.0,104.52280205578546
Plastic Compost Sieve,90.0,94.07052185020692
Glass Water Bottle With Blue Cap - BB1245BLU,279.0,291.6186177356414
"Leakproof Insulated Carry Along Plastic Lunch Box/Tiffin Box - Happy Meal, Orange",409.0,427.49826040816254
"Frost Stainless Steel Bottle With Steel Cap - Dark Red, PXP 1004 CV",1374.0,1436.1433002464921
"Thermo Plastic Lunch Box/Tiffin Box With Steel Containers - Royal, Lavender",729.0,761.971226986676
Pet Jar - Crystal Square,93.0,97.20620591188047
"Printed Glass Water Bottle With Silicon Cover At Bottom - Beige, BB1303",249.0,260.2617771189058
"Frost Stainless Steel Bottle With Sipper Cap - White Matt Finish, PXP 1004 CQ",229.0,239.3572167077487
"Food Container-Tiffin Box - Stainless Steel, Green - Gr BB 581 3",300.0,313.5684061673564
Stainless Steel Water Bottle - Red BB 505 2,249.0,260.2617771189058
"Airtight Storage Plastic Container - Printed, Kitchen Queen, Purple, Medium",169.0,176.64353547427743
"Microwaveable Plastic Multiutility Bowl - Blue, New Coral, L2271 BL",38.0,39.71866478119848
"Lunch Bag - With 3 Container, Big Bite, Red",329.0,343.88001876353417
Pet Belly Container Set - Silver,309.0,322.9754583523771
"Pet Plastic Water Bottle - Violet, Aster, L3022X6 VL",189.0,197.54809588543452
Crunch Rectangle Container,95.0,99.29666195299619
"Glass Matt Finish Bottle With Plastic Cap - Grey, BB1324",169.0,176.64353547427743
"Aqua Stainless Steel Bottle With Sipper Cap - Black Colour, PXP 1003 DQ",249.0,260.2617771189058
Pet Sobo Container Set - Silver,139.0,145.2866948575418
"Stainless Steel Cap Bottle - Fitness Now, She Bottle, Single Wall",589.0,615.6393041085763
"Bottle - Bri Glass, With Cover, Yellow & Red Flowers",215.0,224.72402441993873
"Borosilicate Glass Jar/ Glass Container - Stacko, With Green Lid",329.0,343.88001876353417
"Water Bottle - Fridge, Tulip, Green",137.0,143.19623881642607
"Doraemon Large Plastic Lunch Box - With Container, Fork & Spoon, Assorted Colour",229.0,239.3572167077487
Stainless Steel Adhesive - Bordered Hook 4Fold,199.0,208.00037609101307
"Aqua Stainless Steel Bottle With Steel Cap - Steel Matt Finish, PXP 1003 DV",249.0,260.2617771189058
Stainless Steel Adhesive - Bordered Hook 4Fold,199.0,208.00037609101307
"Glass Bottle Ombre Matt Finish -  Green, BB1321",249.0,260.2617771189058
"Trendy Stainless Steel Bottle With Steel Cap - Purple, PXP 1002 DV",249.0,260.2617771189058
"Cutlery Holder/Stand - Off Ivory, Fantasy",75.0,78.3921015418391
Suction Hooks Transparent (4.5cm),199.0,208.00037609101307
Marino Air-Tight Glass Storage Jar With Red Lid,309.0,322.9754583523771
"Lunch Box - Plastic, Red - RedÂ  BB BB 579 3",389.0,406.59369999700544
"Plastic Kitchen Rack/Kitchen Stand - Rectangular, 3 Tier, Expo",599.0,626.0915843141549
"Diamond Lock Round Plastic Container - Printed, Assorted Colour",119.0,124.3821344463847
Celebration Bottle,89.0,93.02529382964906
Disney Belle Princess 2-In-1 Snackeez Bottle With Snack Box,269.0,281.1663375300629
"Lunch Box - Mark 3 Deluxe, Red",519.0,542.4733426695266
Gourmet Serving Bowl,79.0,82.57301362407051
Octus Jar,153.0,159.91988714535174
Disney Mickey Mouse Small 304 Stainless Steel Lunch Box/Tiffin Box - HMHTLB 24213-LK,319.0,333.4277385579556
Premium Round Plastic Container With Lid - Multicolour,79.0,82.57301362407051
Premium Round Plastic Container With Lid - Pink,49.0,51.21617300733487
"Glass Bottle With Plastic Rim & Cap - Brown, BB1319",179.0,187.09581567985597
Magic Seal Rectangular Storage Plastic Container - Blue,79.0,82.57301362407051
"Tiffin - Stylo Hot Executive, Red",449.0,469.3073812304767
"Plastic Hook/Hanger Card - Self Adhesive/Stickable,  BH 049",49.0,51.21617300733487
Plastic Tool Box With Handle - Blue,709.0,741.0666665755189
Adhesive Hooks - Chromeplated,299.0,312.5231781467985
"Glass Bottle With Printed Plastic Outer - Dark Green, BB1305",219.0,228.90493650217016
Plain Container Jumbo Combo Set - Pink,469.0,490.2119416416338
Refresh Pet Water Bottle - Green,249.0,260.2617771189058
"Chota Bheem Single Compartment Plastic Lunch Box - With Container, Assorted Character, Assorted Colour",159.0,166.19125526869888
"Container - Square Shape, Blue",195.0,203.81946400878164
Maxx Pet Plastic Premium Container - Pink,139.0,145.2866948575418
Summer Cool Pet Water Bottle - Assorted,189.0,197.54809588543452
"Plastic Container - Transparent, Super Seal, Pink",169.0,176.64353547427743
"Round & Flat Storage Container - With lid, Green",158.0,165.14602724814102
"Round Plastic Container - With Lid, Pink",219.0,228.90493650217016
"Water Bottle - Thermosteel, 24 Hour Hot & Cold, Silver, Duo Deluxe",699.0,730.6143863699403
"Airtight Plastic Container Set - Printed, Super Stylo, Blue",299.0,312.5231781467985
"Better Home Super Tight Plastic Container - Printed, Assorted Colour",89.0,93.02529382964906
"Glass Water Bottle With Round Base - Green, BB1362",209.0,218.4526562965916
Premium Round Plastic Glass / Tumbler With Lid - Pink,39.0,40.76389280175633
Double Walled Glass Bottle With Maroon Cap - BB1243MRN,349.0,364.78457917469126
Plastic Pro Lock 4 Side Lock Container - Gray,119.0,124.3821344463847
"Trendy Stainless Steel Bottle With Steel Cap - Metallic Pink Finish, PXP 1002 BK",219.0,228.90493650217016
"Tiffin - Diet Hot Meal, Blue",249.0,260.2617771189058
Max Fresh New Sling  Plastic Lunch Box With Bag - Orange,509.0,532.0210624639479
Clear Mini Hooks,139.0,145.2866948575418
Marvel 15 Multi Storage Plastic Basket Without Lid - Matt Brown,49.0,51.21617300733487
Small Wire Hooks,139.0,145.2866948575418
"Trendy Stainless Steel Bottle With Steel Cap - Turquoise Colour, PXP 1002 CV",229.0,239.3572167077487
Steel Water Bottle - Duro,525.0,548.7447107928737
"Insulated Stainless Steel Easy Sip Bottle - Want To Be A Pilot, Double Wall",699.0,730.6143863699403
"Stainless Steel Lunch Box/Tiffin Box Tiffin Insulated - Happy Meal, Blue",409.0,427.49826040816254
Leo Plastic Pet Water Bottle - White Wide Mouth,25.0,26.130700513946366
"2 Fold Umbrella - Auto-Open & Manual Close, Purple",269.0,281.1663375300629
"Pet Plastic Water Bottle - Blue, Victoria",179.0,187.09581567985597
Sante Infuser Water Bottle - Black,109.0,113.92985424080615
Kitchen Queen Papad Box - Pink,110.0,114.97508226136401
Wire/Cable Tieing String - BB761,99.0,103.4775740352276
"Glass Storage Jar - Amaze, Pink, Extra Large",445.0,465.1264691482453
"Stainless Steel Lunch Box/Tiffin Set - Blue, BB 574 3",519.0,542.4733426695266
Stainless Steel Water Bottle - Blue BB 505 1,450.0,470.35260925103455
Swat Pet Water Bottle - Orange,249.0,260.2617771189058
Zaire Steel Iron Board/ Iron Table - Indian Circle Design,2399.0,2507.502021318293
Joy Oval Mug,81.0,84.66346966518623
"Plastic Bottle - Lemon Green, Flip Top, All Fresh Round, 20121LG",109.0,113.92985424080615
"Glass Bottle With Removable Fabric Cover - Brown, BB1322",209.0,218.4526562965916
Round Plastic Container - Black,269.0,281.1663375300629
"Stainless Steel Lunch Box/Tiffin Box Insulated Leakproof - Happy Meal, Green",439.0,458.85510102489815
"Octa Plastic Pet Water Bottle - Black, Narrow Mouth",75.0,78.3921015418391
"Frost Stainless Steel Bottle With Steel Cap - Steel Mirror Finish, PXP 1009 BK",219.0,228.90493650217016
"Water Bottle - Fridge, Tulip, Dark Blue",109.0,113.92985424080615
Spacio Polka Dot Printed Plastic Container Set - Assorted Colour,149.0,155.73897506312034
